author_id,name,debut_year,past_books_count
1,김민서,2025,10
2,권민지,2008,11
3,김서준,2010,14
4,김경희,2005,22
5,김민지,2013,20
6,우지연,2020,10
7,김예지,2020,5
8,강상현,2001,25
9,김지민,2008,23
10,이지훈,2013,0
11,김예준,2001,21
12,이정훈,2012,34
13,윤경숙,2025,28
14,이예지,2012,6
15,김성수,2010,16
16,송채원,2009,25
17,양상훈,2011,9
18,박준서,2004,4
19,김수빈,2014,33
20,김영수,2024,11
21,하춘자,2015,4
22,김상철,2002,8
23,박성훈,1999,20
24,이중수,2026,25
25,김민수,2017,29
26,노상철,2016,2
27,차수민,2013,35
28,하도현,2016,34
29,김영철,2019,17
30,노재현,2023,15
31,박영길,2012,27
32,안은정,2016,34
33,이은서,2011,18
34,윤예지,2014,34
35,박우진,2020,1
36,이정자,2013,10
37,문현지,2004,8
38,김현주,2018,2
39,허혜진,2012,21
40,문우진,2016,2
41,엄준혁,2003,14
42,김미숙,2015,34
43,김정훈,2021,27
44,김준영,2016,16
45,심수빈,2019,32
46,우명숙,2013,18
47,장경수,2002,8
48,이은주,2012,19
49,윤중수,2010,21
50,이정남,2021,32
51,한성수,2018,35
52,박성현,2018,4
53,서시우,2005,5
54,김은주,2006,18
55,강민서,2023,22
56,이예은,2014,28
57,고현우,2014,34
58,하혜진,2025,32
59,황지원,1999,29
60,이영진,2017,2
61,이성호,2006,28
62,조영자,2015,5
63,이현정,2021,22
64,박보람,2014,11
65,윤서준,2014,15
66,김준호,2024,34
67,최예준,2015,25
68,한혜진,2008,28
69,김주원,2020,24
70,강지후,2019,12
71,이정희,2019,34
72,박춘자,2014,11
73,이영길,2003,1
74,박옥순,2004,28
75,박정웅,2005,17
76,이종수,2007,24
77,황민재,2001,4
78,구민지,2008,4
79,안서연,2005,29
80,김민석,2017,31
81,김상훈,2004,34
82,성영수,2008,31
83,박정순,2005,24
84,황정훈,2012,34
85,이상현,2008,9
86,서승민,2009,27
87,이영자,2019,32
88,이예준,2002,31
89,김현우,2004,9
90,안민준,2012,8
91,박정식,2015,20
92,김영순,2011,33
93,배윤서,1998,12
94,김지아,2011,31
95,김영환,2022,2
96,박미숙,2012,34
97,강영길,2007,20
98,최상호,2011,33
99,안명자,2013,0
100,최은주,2005,25
101,박상철,2007,11
102,김은지,2023,15
103,이민석,2000,23
104,이건우,2022,3
105,류아름,2016,17
106,송은경,2024,1
107,권정숙,2010,23
108,이영철,2008,24
109,윤상훈,2021,24
110,박서윤,2003,21
111,배민수,2002,29
112,곽예진,2009,2
113,강예진,2003,1
114,이지아,2002,7
115,배성진,2019,10
116,남준호,2024,17
117,박성호,2003,34
118,김옥자,2016,11
119,김정숙,2002,21
120,김민재,2017,23
121,김서연,2016,17
122,박하은,2020,11
123,권현정,2002,33
124,김윤서,2015,25
125,이민준,2015,12
126,김진우,2006,8
127,이상호,2003,22
128,박하윤,2023,18
129,최지현,2011,11
130,이혜진,2006,15
131,유윤서,2008,8
132,김채원,2019,34
133,양상철,2017,17
134,박순옥,2005,12
135,최서연,2012,34
136,손성호,2021,6
137,황미정,2010,25
138,이수빈,2006,10
139,김정희,2019,16
140,김영일,2016,20
141,손경숙,1998,11
142,김영자,2018,34
143,양옥순,2006,21
144,주광수,2021,30
145,최건우,2006,11
146,한경희,2010,21
147,최영일,2015,24
148,김승현,2008,10
149,장하윤,2002,10
150,정성호,2002,25
151,윤지연,2015,14
152,황은정,2010,14
153,배우진,2011,21
154,박은정,2020,33
155,안영호,2010,23
156,이지은,2011,6
157,박지우,2018,25
158,박예준,2020,23
159,전경수,2014,23
160,김은영,2012,1
161,조춘자,2013,31
162,박상호,2000,33
163,이정수,2002,16
164,김준혁,2016,35
165,이서영,2011,20
166,한현주,2010,1
167,김현숙,2015,20
168,박경숙,2006,31
169,김현지,2005,18
170,최영숙,2009,14
171,차서연,2021,0
172,이상훈,1998,12
173,김영숙,2003,19
174,고순옥,2016,7
175,김동현,2020,32
176,양시우,2007,4
177,김영길,2012,7
178,엄예은,2009,30
179,이미정,2002,3
180,서춘자,2017,12
181,전민수,2007,33
182,윤성호,2015,21
183,김은정,2014,15
184,이서현,2020,17
185,최은경,2000,2
186,최하윤,2016,5
187,김명숙,2003,23
188,김종수,2004,13
189,강민재,2007,25
190,김숙자,2016,5
191,구수민,2008,20
192,박진우,2017,29
193,윤병철,2018,6
194,김정호,2018,20
195,김옥순,2011,20
196,양미경,2008,12
197,김유진,2019,13
198,최현주,2015,11
199,한은영,2005,23
200,엄영순,2006,13
201,김성진,2020,26
202,주서준,2007,30
203,황정호,2007,6
204,강성진,2023,15
205,안춘자,2002,28
206,박영순,2020,20
207,심정희,2011,1
208,정정남,2015,17
209,남은정,2010,9
210,서현준,2007,6
211,한예준,1998,18
212,김보람,2011,5
213,권미영,2022,2
214,김하은,2007,22
215,김시우,2005,11
216,권재호,2017,29
217,박영식,2002,24
218,박재호,2014,33
219,심아름,2012,7
220,김정수,2008,33
221,노채원,2007,30
222,안상현,2017,35
223,심우진,2012,8
224,유도윤,2016,30
225,이경희,2013,23
226,황준호,2015,8
227,김춘자,2006,15
228,문정자,2023,32
229,이미영,2004,10
230,박혜진,2001,21
231,김지현,2023,35
232,박시우,2001,27
233,김지후,2017,3
234,조영환,2014,32
235,박현지,2014,26
236,조성수,2012,28
237,강민수,2006,28
238,박수민,2003,17
239,박지혜,2010,19
240,김성현,2004,10
241,한영환,2005,8
242,장준영,1999,21
243,김하윤,2007,21
244,손상호,2019,17
245,박서현,2017,21
246,이준혁,2018,27
247,윤건우,2009,23
248,이도현,2018,20
249,김성민,2008,11
250,최지아,2014,32
251,이지후,2008,8
252,김정식,2022,19
253,이명자,2004,7
254,이준서,2021,27
255,김예은,2013,21
256,장시우,2018,8
257,김병철,1999,0
258,이순옥,2014,2
259,김명자,2005,19
260,강지혜,2014,23
261,김지원,2001,14
262,오옥순,2013,14
263,류지후,2007,4
264,이미숙,2017,15
265,노예원,2004,8
266,이영환,2001,7
267,안민수,2011,20
268,박예원,2009,4
269,성옥순,2013,13
270,이승현,2013,0
271,이성훈,2022,20
272,이순자,2005,30
273,김현준,1999,2
274,이미경,2012,13
275,최명자,2008,27
276,김미정,2017,6
277,이병철,2007,18
278,안광수,2020,18
279,최민수,2017,33
280,장성훈,2019,33
281,권은서,2012,24
282,한정웅,2014,24
283,홍서연,2005,9
284,안성수,2011,31
285,차서준,2014,27
286,오수진,2010,28
287,박정숙,2018,18
288,윤영진,2021,9
289,이성수,2008,8
290,유종수,1996,23
291,송정자,2016,10
292,김영미,2008,18
293,유진우,2011,13
294,강정숙,2020,4
295,윤영미,2013,33
296,최영수,2018,11
297,민진호,2016,6
298,김지우,2008,8
299,박준혁,2013,4
300,박정수,2019,8
301,김경자,2024,12
302,이민서,2015,9
303,윤은서,2007,0
304,류종수,2016,5
305,고경희,2004,3
306,엄은영,2011,24
307,송미숙,2003,33
308,이하은,2006,15
309,김수진,2007,26
310,한영순,2019,16
311,배보람,2010,31
312,강영식,2021,10
313,이지연,2013,35
314,박정훈,2008,29
315,김미영,2002,22
316,주중수,2012,34
317,최순자,2013,10
318,이영일,2009,30
319,양광수,2019,25
320,이지민,2024,29
321,권중수,2011,11
322,이민재,2021,11
323,장민서,2013,22
324,안예지,1998,30
325,김정웅,2015,29
326,최현숙,2010,20
327,송민서,2010,16
328,이민지,2016,23
329,지미숙,2015,8
330,이성민,2003,24
331,류미영,2009,9
332,이현숙,1999,2
333,권민준,2009,20
334,서숙자,2016,9
335,우은경,2006,5
336,이지현,2015,24
337,정현지,2021,15
338,최미숙,2001,6
339,박진호,2003,3
340,이숙자,2004,35
341,권승민,2024,7
342,배현준,2007,30
343,한명자,2012,4
344,이춘자,2000,12
345,윤민서,2011,11
346,양종수,2006,11
347,김영희,2014,11
348,심정식,2010,9
349,김준서,2023,13
350,박윤서,2007,26
351,이주원,2017,6
352,황옥자,2002,20
353,강민석,2002,4
354,박주원,2007,19
355,최미정,2007,15
356,김예진,2020,35
357,윤영희,2010,9
358,한은지,2006,23
359,김지연,2023,15
360,송은영,2020,13
361,김정남,2025,35
362,심상현,1999,17
363,우정수,2020,26
364,박영숙,2007,31
365,한지민,2021,29
366,박현숙,1999,31
367,박상현,2017,14
368,하승현,1997,10
369,박서준,2005,25
370,이서연,2022,18
371,임경자,2004,1
372,박지영,2015,21
373,서현정,2018,7
374,김우진,2017,11
375,서하은,2002,28
376,최동현,2018,11
377,김도현,2002,11
378,박건우,2008,4
379,윤유진,2006,10
380,이경숙,2000,3
381,박준영,2011,21
382,홍재현,2014,15
383,최민지,2015,29
384,최재호,2015,33
385,장성민,2016,31
386,최승민,2014,13
387,윤영순,2001,20
388,하정식,2005,8
389,최상현,2014,15
390,서은영,2002,8
391,이영순,2015,1
392,권은지,2017,6
393,박병철,2009,8
394,오영희,2010,25
395,박상훈,2009,3
396,이진우,2025,35
397,김순자,2004,12
398,백지현,2013,11
399,김선영,2011,2
400,김상호,2017,2
401,윤영환,2014,16
402,박예진,2021,35
403,남서영,2019,31
404,이윤서,1998,33
405,김지영,2022,32
406,진성호,2017,28
407,박중수,2013,22
408,윤서영,2003,13
409,김현정,2014,23
410,양경자,2014,22
411,문지훈,2020,15
412,최춘자,2012,25
413,박준호,2015,3
414,우준영,2013,2
415,황윤서,2012,12
416,박승현,2006,1
417,우현우,2004,17
418,박은지,2003,19
419,홍영미,2008,24
420,이성현,2024,20
421,김건우,2012,7
422,류상현,2010,22
423,김진호,2023,10
424,최지후,2009,1
425,홍상철,2021,30
426,차도윤,2016,32
427,임성훈,2009,12
428,양준혁,2005,3
429,신영호,2005,0
430,문광수,2016,26
431,주현정,2013,5
432,오진호,2021,13
433,노정웅,2019,5
434,임상철,2011,9
435,김수민,2018,9
436,권승현,2012,9
437,조영식,2009,7
438,이영미,2005,13
439,오은영,2024,10
440,황영수,2011,7
441,김광수,2007,26
442,오동현,2018,29
443,윤영호,2005,8
444,한유진,1998,3
445,박민지,2021,7
446,장춘자,2005,5
447,신정순,2004,7
448,박민준,2010,24
449,한정훈,2002,11
450,이상철,2019,2
451,허준호,2019,33
452,권광수,2011,28
453,김중수,2008,15
454,박미경,2023,12
455,윤종수,2007,13
456,나예준,2019,18
457,김순옥,2008,12
458,서현우,2015,27
459,손준혁,2013,24
460,박경자,2002,21
461,고정훈,2015,0
462,안정남,2005,11
463,이경수,2018,29
464,이광수,2012,19
465,박순자,2011,33
466,김은경,2007,9
467,서성호,2003,18
468,문동현,2019,11
469,박경수,2022,6
470,송은지,2021,5
471,장정자,2011,1
472,최정희,2022,35
473,주승현,2005,25
474,박수빈,2006,8
475,이시우,2008,21
476,곽명자,1999,20
477,강현지,2017,8
478,지상현,2008,9
479,황은서,2008,18
480,송혜진,2000,24
481,윤미숙,2023,1
482,송영수,2003,12
483,한선영,2011,23
484,윤주원,2002,0
485,최윤서,2008,13
486,강중수,2005,22
487,진영철,1999,8
488,김지은,2003,1
489,류예준,2013,14
490,하미영,2017,29
491,황정순,2005,9
492,백재호,2005,17
493,박경희,2005,12
494,허지아,2019,22
495,양병철,2015,20
496,박지은,2013,34
497,박예은,2000,23
498,엄병철,2004,8
499,주정호,1998,13
500,이영호,2016,4
501,나예원,2010,9
502,윤윤서,2018,9
503,이수진,2004,27
504,최성훈,2014,7
505,박영진,1998,23
506,이준영,2007,10
507,정정호,2011,14
508,이지영,2020,31
509,최정순,2013,3
510,손승민,2011,10
511,권영숙,2008,28
512,이영숙,2004,5
513,박종수,2000,27
514,박지현,2023,1
515,서민수,2011,26
516,문명자,2008,8
517,지예지,2010,18
518,오현주,1997,21
519,박미영,2004,10
520,노춘자,2024,0
521,윤지원,1998,14
522,문영일,2008,18
523,황정남,2020,2
524,이옥자,2012,3
525,오윤서,2002,7
526,황경자,2014,1
527,강경숙,2001,23
528,김도윤,2012,28
529,김경수,2005,19
530,조광수,2014,4
531,박은경,2007,23
532,홍미숙,2013,28
533,차지민,2001,22
534,박지아,2015,18
535,이현준,2009,15
536,장도윤,2011,16
537,최보람,2009,29
538,최진우,2011,2
539,나진호,2000,35
540,황우진,2015,3
541,류선영,1999,7
542,문시우,2020,32
543,최경자,2013,7
544,김서현,2016,2
545,류진우,2024,13
546,장윤서,2005,1
547,고은주,2013,26
548,김재호,2002,35
549,박도현,2009,6
550,권현지,2004,28
551,안은주,2001,25
552,최정수,2017,17
553,심지훈,2020,31
554,안명숙,2001,10
555,안옥순,2008,33
556,장상현,1998,23
557,곽혜진,2006,28
558,홍순옥,2015,9
559,김서윤,2010,1
560,우지훈,2011,6
561,성동현,2008,3
562,박정자,2021,29
563,윤지민,2006,12
564,고민수,2013,32
565,이은정,2013,26
566,하은정,2019,15
567,김영진,2016,3
568,한정남,2004,29
569,나민수,2026,21
570,허영호,2004,3
571,남성호,2003,23
572,한미정,2010,33
573,이하윤,2004,17
574,김아름,2017,31
575,나민서,2018,12
576,하승민,2021,12
577,최영진,2016,1
578,홍종수,2016,1
579,손승현,1997,27
580,양영호,2012,11
581,최순옥,2020,22
582,이은경,2022,34
583,김정순,2015,33
584,강영호,2004,22
585,노현우,2004,28
586,김승민,2019,27
587,성민서,1998,27
588,유민지,1999,16
589,이도윤,2020,1
590,유명숙,2012,13
591,황도현,2005,7
592,황서윤,2008,12
593,장성현,2010,25
594,차하은,2002,9
595,김예원,2020,4
596,장상훈,2021,33
597,윤준서,2013,15
598,최준호,2003,30
599,백우진,2014,2
600,류상철,2010,6
601,이서준,2016,21
602,강명자,2024,1
603,전미경,2013,7
604,권예은,2005,3
605,최영호,2001,29
606,차경희,2007,16
607,권지훈,2021,2
608,손미정,2004,1
609,박명자,2023,16
610,홍수민,2000,34
611,황서현,2019,17
612,윤예준,2018,4
613,하영일,2004,2
614,안정호,2007,16
615,김경숙,2005,32
616,박지훈,2018,31
617,지건우,2014,25
618,서현지,2009,31
619,박민서,2012,14
620,박채원,2011,28
621,박동현,2010,24
622,박현정,2010,35
623,최주원,2007,6
624,고영일,2020,24
625,오혜진,2009,6
626,박영철,2017,9
627,안시우,2018,13
628,심혜진,2019,3
629,홍영수,2015,30
630,정미영,2024,17
631,성영호,2013,15
632,이정웅,2012,13
633,이수민,2016,32
634,오민수,2002,28
635,정정식,2007,0
636,김은서,2010,16
637,노주원,2016,10
638,오우진,2014,27
639,윤성수,2011,8
640,류재호,2005,1
641,하지후,2018,13
642,조지현,2009,32
643,서도현,2010,29
644,황성수,2000,34
645,허옥자,2010,26
646,윤서현,2020,10
647,고중수,2010,1
648,최재현,2025,34
649,최영순,2016,5
650,한준혁,2010,15
651,손성훈,2012,32
652,손지원,2017,32
653,한수진,2003,9
654,홍경숙,2013,5
655,진성현,2018,28
656,이은영,2008,1
657,조민석,2006,32
658,서은지,2020,32
659,권지현,2005,1
660,김상현,2005,34
661,박영호,2018,16
662,조정자,2017,8
663,장재현,2020,7
664,송정수,2001,28
665,오예진,2003,22
666,송예지,2017,14
667,송정남,2013,23
668,최우진,2009,28
669,김성훈,2013,1
670,서유진,2002,34
671,송경희,2014,26
672,지정순,2012,30
673,우시우,2018,20
674,송지훈,1999,30
675,윤민석,2011,5
676,최지원,2022,11
677,홍정호,2016,24
678,조중수,2008,25
679,진지은,2011,5
680,이영수,1999,32
681,장승민,2011,31
682,엄정호,2005,10
683,이명숙,2002,35
684,송순옥,2004,32
685,강승민,2014,25
686,황경수,2021,22
687,곽채원,2010,27
688,정경수,2008,2
689,최은지,2015,35
