snapshot_date,isbn13,store_id,predicted_demand,confidence_low,confidence_high,model_version,synced_at
2026-05-01,9791043321818,1,22.74,13.3,24.7,automl-v1.0.0,2026-05-01T18:01:35+09:00
2026-05-01,9791043321818,2,20.36,11.9,22.1,automl-v1.0.0,2026-05-01T18:01:35+09:00
2026-05-01,9791043321818,3,19.55,16.8,31.2,automl-v1.0.0,2026-05-01T18:01:35+09:00
2026-05-01,9791043321818,4,19.65,13.3,24.7,automl-v1.0.0,2026-05-01T18:01:35+09:00
2026-05-01,9791043321818,5,20.47,12.6,23.4,automl-v1.0.0,2026-05-01T18:01:35+09:00
2026-05-01,9791043321818,6,21.63,13.3,24.7,automl-v1.0.0,2026-05-01T18:01:35+09:00
2026-05-01,9791043321818,7,13.68,9.1,16.9,automl-v1.0.0,2026-05-01T18:01:35+09:00
2026-05-01,9791043321818,8,8.07,5.6,10.4,automl-v1.0.0,2026-05-01T18:01:35+09:00
2026-05-01,9791043321818,9,13.66,11.2,20.8,automl-v1.0.0,2026-05-01T18:01:35+09:00
2026-05-01,9791043321818,10,10.91,9.1,16.9,automl-v1.0.0,2026-05-01T18:01:35+09:00
2026-05-01,9791043321818,11,5.64,4.9,9.1,automl-v1.0.0,2026-05-01T18:01:35+09:00
2026-05-01,9791043321818,12,29.05,18.2,33.8,automl-v1.0.0,2026-05-01T18:01:35+09:00
2026-05-01,9798637940264,1,8.99,7.0,13.0,automl-v1.0.0,2026-05-01T18:01:35+09:00
2026-05-01,9798637940264,2,8.87,5.6,10.4,automl-v1.0.0,2026-05-01T18:01:35+09:00
2026-05-01,9798637940264,3,1.62,1.4,2.6,automl-v1.0.0,2026-05-01T18:01:35+09:00
2026-05-01,9798637940264,4,15.8,13.3,24.7,automl-v1.0.0,2026-05-01T18:01:35+09:00
2026-05-01,9798637940264,5,7.4,5.6,10.4,automl-v1.0.0,2026-05-01T18:01:35+09:00
2026-05-01,9798637940264,6,18.46,14.0,26.0,automl-v1.0.0,2026-05-01T18:01:35+09:00
2026-05-01,9798637940264,7,26.71,21.0,39.0,automl-v1.0.0,2026-05-01T18:01:35+09:00
2026-05-01,9798637940264,8,1.0,0.7,1.3,automl-v1.0.0,2026-05-01T18:01:35+09:00
2026-05-01,9798637940264,9,20.96,16.1,29.9,automl-v1.0.0,2026-05-01T18:01:35+09:00
2026-05-01,9798637940264,10,17.95,10.5,19.5,automl-v1.0.0,2026-05-01T18:01:35+09:00
2026-05-01,9798637940264,11,22.51,13.3,24.7,automl-v1.0.0,2026-05-01T18:01:35+09:00
2026-05-01,9798637940264,12,12.96,9.8,18.2,automl-v1.0.0,2026-05-01T18:01:35+09:00
2026-05-01,9799407816185,1,8.69,6.3,11.7,automl-v1.0.0,2026-05-01T18:01:35+09:00
2026-05-01,9799407816185,2,11.19,9.1,16.9,automl-v1.0.0,2026-05-01T18:01:35+09:00
2026-05-01,9799407816185,3,19.97,14.0,26.0,automl-v1.0.0,2026-05-01T18:01:35+09:00
2026-05-01,9799407816185,4,6.61,4.9,9.1,automl-v1.0.0,2026-05-01T18:01:35+09:00
2026-05-01,9799407816185,5,17.72,11.9,22.1,automl-v1.0.0,2026-05-01T18:01:35+09:00
2026-05-01,9799407816185,6,11.22,9.1,16.9,automl-v1.0.0,2026-05-01T18:01:35+09:00
2026-05-01,9799407816185,7,9.48,7.7,14.3,automl-v1.0.0,2026-05-01T18:01:35+09:00
2026-05-01,9799407816185,8,23.27,17.5,32.5,automl-v1.0.0,2026-05-01T18:01:35+09:00
2026-05-01,9799407816185,9,10.69,9.1,16.9,automl-v1.0.0,2026-05-01T18:01:35+09:00
2026-05-01,9799407816185,10,5.11,4.2,7.8,automl-v1.0.0,2026-05-01T18:01:35+09:00
2026-05-01,9799407816185,11,1.7,1.4,2.6,automl-v1.0.0,2026-05-01T18:01:35+09:00
2026-05-01,9799407816185,12,34.27,20.3,37.7,automl-v1.0.0,2026-05-01T18:01:35+09:00
2026-05-01,9794131647524,1,1.9,1.4,2.6,automl-v1.0.0,2026-05-01T18:01:35+09:00
2026-05-01,9794131647524,2,23.69,16.8,31.2,automl-v1.0.0,2026-05-01T18:01:35+09:00
2026-05-01,9794131647524,3,31.9,19.6,36.4,automl-v1.0.0,2026-05-01T18:01:35+09:00
2026-05-01,9794131647524,4,3.5,2.8,5.2,automl-v1.0.0,2026-05-01T18:01:35+09:00
2026-05-01,9794131647524,5,3.19,2.1,3.9,automl-v1.0.0,2026-05-01T18:01:35+09:00
2026-05-01,9794131647524,6,17.43,11.9,22.1,automl-v1.0.0,2026-05-01T18:01:35+09:00
2026-05-01,9794131647524,7,2.26,1.4,2.6,automl-v1.0.0,2026-05-01T18:01:35+09:00
2026-05-01,9794131647524,8,4.68,2.8,5.2,automl-v1.0.0,2026-05-01T18:01:35+09:00
2026-05-01,9794131647524,9,29.45,19.6,36.4,automl-v1.0.0,2026-05-01T18:01:35+09:00
2026-05-01,9794131647524,10,28.62,17.5,32.5,automl-v1.0.0,2026-05-01T18:01:35+09:00
2026-05-01,9794131647524,11,33.74,20.3,37.7,automl-v1.0.0,2026-05-01T18:01:35+09:00
2026-05-01,9794131647524,12,9.11,7.7,14.3,automl-v1.0.0,2026-05-01T18:01:35+09:00
2026-05-01,9792832764830,1,12.64,9.1,16.9,automl-v1.0.0,2026-05-01T18:01:35+09:00
2026-05-01,9792832764830,2,23.39,16.1,29.9,automl-v1.0.0,2026-05-01T18:01:35+09:00
2026-05-01,9792832764830,3,4.56,2.8,5.2,automl-v1.0.0,2026-05-01T18:01:35+09:00
2026-05-01,9792832764830,4,7.22,4.9,9.1,automl-v1.0.0,2026-05-01T18:01:35+09:00
2026-05-01,9792832764830,5,16.17,11.2,20.8,automl-v1.0.0,2026-05-01T18:01:35+09:00
2026-05-01,9792832764830,6,11.09,7.0,13.0,automl-v1.0.0,2026-05-01T18:01:35+09:00
2026-05-01,9792832764830,7,16.86,11.2,20.8,automl-v1.0.0,2026-05-01T18:01:35+09:00
2026-05-01,9792832764830,8,2.07,1.4,2.6,automl-v1.0.0,2026-05-01T18:01:35+09:00
2026-05-01,9792832764830,9,14.56,9.1,16.9,automl-v1.0.0,2026-05-01T18:01:35+09:00
2026-05-01,9792832764830,10,11.66,9.8,18.2,automl-v1.0.0,2026-05-01T18:01:35+09:00
2026-05-01,9792832764830,11,4.95,3.5,6.5,automl-v1.0.0,2026-05-01T18:01:35+09:00
2026-05-01,9792832764830,12,18.58,14.0,26.0,automl-v1.0.0,2026-05-01T18:01:35+09:00
2026-05-01,9799537672422,1,20.23,12.6,23.4,automl-v1.0.0,2026-05-01T18:01:35+09:00
2026-05-01,9799537672422,2,32.01,19.6,36.4,automl-v1.0.0,2026-05-01T18:01:35+09:00
2026-05-01,9799537672422,3,9.21,7.0,13.0,automl-v1.0.0,2026-05-01T18:01:35+09:00
2026-05-01,9799537672422,4,0.86,0.7,1.3,automl-v1.0.0,2026-05-01T18:01:35+09:00
2026-05-01,9799537672422,5,30.96,18.2,33.8,automl-v1.0.0,2026-05-01T18:01:35+09:00
2026-05-01,9799537672422,6,23.51,16.1,29.9,automl-v1.0.0,2026-05-01T18:01:35+09:00
2026-05-01,9799537672422,7,9.13,6.3,11.7,automl-v1.0.0,2026-05-01T18:01:35+09:00
2026-05-01,9799537672422,8,25.84,18.9,35.1,automl-v1.0.0,2026-05-01T18:01:35+09:00
2026-05-01,9799537672422,9,19.88,16.8,31.2,automl-v1.0.0,2026-05-01T18:01:35+09:00
2026-05-01,9799537672422,10,27.57,19.6,36.4,automl-v1.0.0,2026-05-01T18:01:35+09:00
2026-05-01,9799537672422,11,12.46,10.5,19.5,automl-v1.0.0,2026-05-01T18:01:35+09:00
2026-05-01,9799537672422,12,9.8,8.4,15.6,automl-v1.0.0,2026-05-01T18:01:35+09:00
2026-05-01,9792871012268,1,3.41,2.1,3.9,automl-v1.0.0,2026-05-01T18:01:35+09:00
2026-05-01,9792871012268,2,23.63,19.6,36.4,automl-v1.0.0,2026-05-01T18:01:35+09:00
2026-05-01,9792871012268,3,14.63,12.6,23.4,automl-v1.0.0,2026-05-01T18:01:35+09:00
2026-05-01,9792871012268,4,4.76,3.5,6.5,automl-v1.0.0,2026-05-01T18:01:35+09:00
2026-05-01,9792871012268,5,13.68,9.1,16.9,automl-v1.0.0,2026-05-01T18:01:35+09:00
2026-05-01,9792871012268,6,22.07,18.2,33.8,automl-v1.0.0,2026-05-01T18:01:35+09:00
2026-05-01,9792871012268,7,10.04,6.3,11.7,automl-v1.0.0,2026-05-01T18:01:35+09:00
2026-05-01,9792871012268,8,22.1,14.0,26.0,automl-v1.0.0,2026-05-01T18:01:35+09:00
2026-05-01,9792871012268,9,22.65,15.4,28.6,automl-v1.0.0,2026-05-01T18:01:35+09:00
2026-05-01,9792871012268,10,0.95,0.7,1.3,automl-v1.0.0,2026-05-01T18:01:35+09:00
2026-05-01,9792871012268,11,0.91,0.7,1.3,automl-v1.0.0,2026-05-01T18:01:35+09:00
2026-05-01,9792871012268,12,33.39,21.0,39.0,automl-v1.0.0,2026-05-01T18:01:35+09:00
2026-05-01,9791845146275,1,3.45,2.1,3.9,automl-v1.0.0,2026-05-01T18:01:35+09:00
2026-05-01,9791845146275,2,21.53,13.3,24.7,automl-v1.0.0,2026-05-01T18:01:35+09:00
2026-05-01,9791845146275,3,4.53,2.8,5.2,automl-v1.0.0,2026-05-01T18:01:35+09:00
2026-05-01,9791845146275,4,27.87,18.9,35.1,automl-v1.0.0,2026-05-01T18:01:35+09:00
2026-05-01,9791845146275,5,27.2,18.2,33.8,automl-v1.0.0,2026-05-01T18:01:35+09:00
2026-05-01,9791845146275,6,22.23,16.8,31.2,automl-v1.0.0,2026-05-01T18:01:35+09:00
2026-05-01,9791845146275,7,15.37,9.1,16.9,automl-v1.0.0,2026-05-01T18:01:35+09:00
2026-05-01,9791845146275,8,22.87,15.4,28.6,automl-v1.0.0,2026-05-01T18:01:35+09:00
2026-05-01,9791845146275,9,26.72,20.3,37.7,automl-v1.0.0,2026-05-01T18:01:35+09:00
2026-05-01,9791845146275,10,15.42,11.2,20.8,automl-v1.0.0,2026-05-01T18:01:35+09:00
2026-05-01,9791845146275,11,19.22,12.6,23.4,automl-v1.0.0,2026-05-01T18:01:35+09:00
2026-05-01,9791845146275,12,6.41,4.9,9.1,automl-v1.0.0,2026-05-01T18:01:35+09:00
2026-05-01,9798932528808,1,1.78,1.4,2.6,automl-v1.0.0,2026-05-01T18:01:35+09:00
2026-05-01,9798932528808,2,2.74,2.1,3.9,automl-v1.0.0,2026-05-01T18:01:35+09:00
2026-05-01,9798932528808,3,7.72,4.9,9.1,automl-v1.0.0,2026-05-01T18:01:35+09:00
2026-05-01,9798932528808,4,14.3,11.9,22.1,automl-v1.0.0,2026-05-01T18:01:35+09:00
2026-05-01,9798932528808,5,33.59,19.6,36.4,automl-v1.0.0,2026-05-01T18:01:35+09:00
2026-05-01,9798932528808,6,18.96,12.6,23.4,automl-v1.0.0,2026-05-01T18:01:35+09:00
2026-05-01,9798932528808,7,8.04,7.0,13.0,automl-v1.0.0,2026-05-01T18:01:35+09:00
2026-05-01,9798932528808,8,12.86,7.7,14.3,automl-v1.0.0,2026-05-01T18:01:35+09:00
2026-05-01,9798932528808,9,24.88,16.1,29.9,automl-v1.0.0,2026-05-01T18:01:35+09:00
2026-05-01,9798932528808,10,5.56,4.2,7.8,automl-v1.0.0,2026-05-01T18:01:35+09:00
2026-05-01,9798932528808,11,3.91,2.8,5.2,automl-v1.0.0,2026-05-01T18:01:35+09:00
2026-05-01,9798932528808,12,20.28,13.3,24.7,automl-v1.0.0,2026-05-01T18:01:35+09:00
2026-05-01,9799117182273,1,9.25,7.0,13.0,automl-v1.0.0,2026-05-01T18:01:35+09:00
2026-05-01,9799117182273,2,2.0,1.4,2.6,automl-v1.0.0,2026-05-01T18:01:35+09:00
2026-05-01,9799117182273,3,11.21,9.8,18.2,automl-v1.0.0,2026-05-01T18:01:35+09:00
2026-05-01,9799117182273,4,21.84,16.8,31.2,automl-v1.0.0,2026-05-01T18:01:35+09:00
2026-05-01,9799117182273,5,2.25,1.4,2.6,automl-v1.0.0,2026-05-01T18:01:35+09:00
2026-05-01,9799117182273,6,27.68,20.3,37.7,automl-v1.0.0,2026-05-01T18:01:35+09:00
2026-05-01,9799117182273,7,3.67,2.8,5.2,automl-v1.0.0,2026-05-01T18:01:35+09:00
2026-05-01,9799117182273,8,27.04,18.9,35.1,automl-v1.0.0,2026-05-01T18:01:35+09:00
2026-05-01,9799117182273,9,15.05,11.9,22.1,automl-v1.0.0,2026-05-01T18:01:35+09:00
2026-05-01,9799117182273,10,0.88,0.7,1.3,automl-v1.0.0,2026-05-01T18:01:35+09:00
2026-05-01,9799117182273,11,10.11,6.3,11.7,automl-v1.0.0,2026-05-01T18:01:35+09:00
2026-05-01,9799117182273,12,13.26,8.4,15.6,automl-v1.0.0,2026-05-01T18:01:35+09:00
2026-05-01,9794657871335,1,11.81,9.1,16.9,automl-v1.0.0,2026-05-01T18:01:35+09:00
2026-05-01,9794657871335,2,13.6,11.2,20.8,automl-v1.0.0,2026-05-01T18:01:35+09:00
2026-05-01,9794657871335,3,21.52,17.5,32.5,automl-v1.0.0,2026-05-01T18:01:35+09:00
2026-05-01,9794657871335,4,11.71,7.7,14.3,automl-v1.0.0,2026-05-01T18:01:35+09:00
2026-05-01,9794657871335,5,16.64,11.2,20.8,automl-v1.0.0,2026-05-01T18:01:35+09:00
2026-05-01,9794657871335,6,21.37,18.2,33.8,automl-v1.0.0,2026-05-01T18:01:35+09:00
2026-05-01,9794657871335,7,21.77,16.8,31.2,automl-v1.0.0,2026-05-01T18:01:35+09:00
2026-05-01,9794657871335,8,7.09,5.6,10.4,automl-v1.0.0,2026-05-01T18:01:35+09:00
2026-05-01,9794657871335,9,29.4,21.0,39.0,automl-v1.0.0,2026-05-01T18:01:35+09:00
2026-05-01,9794657871335,10,9.43,6.3,11.7,automl-v1.0.0,2026-05-01T18:01:35+09:00
2026-05-01,9794657871335,11,19.86,13.3,24.7,automl-v1.0.0,2026-05-01T18:01:35+09:00
2026-05-01,9794657871335,12,16.66,11.9,22.1,automl-v1.0.0,2026-05-01T18:01:35+09:00
2026-05-01,9790310518340,1,23.54,14.0,26.0,automl-v1.0.0,2026-05-01T18:01:35+09:00
2026-05-01,9790310518340,2,8.35,5.6,10.4,automl-v1.0.0,2026-05-01T18:01:35+09:00
2026-05-01,9790310518340,3,20.5,16.1,29.9,automl-v1.0.0,2026-05-01T18:01:35+09:00
2026-05-01,9790310518340,4,28.51,16.8,31.2,automl-v1.0.0,2026-05-01T18:01:35+09:00
2026-05-01,9790310518340,5,18.31,14.0,26.0,automl-v1.0.0,2026-05-01T18:01:35+09:00
2026-05-01,9790310518340,6,6.76,4.2,7.8,automl-v1.0.0,2026-05-01T18:01:35+09:00
2026-05-01,9790310518340,7,15.41,9.1,16.9,automl-v1.0.0,2026-05-01T18:01:35+09:00
2026-05-01,9790310518340,8,2.41,2.1,3.9,automl-v1.0.0,2026-05-01T18:01:35+09:00
2026-05-01,9790310518340,9,10.49,9.1,16.9,automl-v1.0.0,2026-05-01T18:01:35+09:00
2026-05-01,9790310518340,10,5.82,4.2,7.8,automl-v1.0.0,2026-05-01T18:01:35+09:00
2026-05-01,9790310518340,11,25.49,18.2,33.8,automl-v1.0.0,2026-05-01T18:01:35+09:00
2026-05-01,9790310518340,12,9.41,5.6,10.4,automl-v1.0.0,2026-05-01T18:01:35+09:00
2026-05-01,9797631165666,1,24.34,16.1,29.9,automl-v1.0.0,2026-05-01T18:01:35+09:00
2026-05-01,9797631165666,2,1.88,1.4,2.6,automl-v1.0.0,2026-05-01T18:01:35+09:00
2026-05-01,9797631165666,3,35.38,21.0,39.0,automl-v1.0.0,2026-05-01T18:01:35+09:00
2026-05-01,9797631165666,4,6.68,5.6,10.4,automl-v1.0.0,2026-05-01T18:01:35+09:00
2026-05-01,9797631165666,5,21.99,18.9,35.1,automl-v1.0.0,2026-05-01T18:01:35+09:00
2026-05-01,9797631165666,6,1.2,0.7,1.3,automl-v1.0.0,2026-05-01T18:01:35+09:00
2026-05-01,9797631165666,7,19.25,14.0,26.0,automl-v1.0.0,2026-05-01T18:01:35+09:00
2026-05-01,9797631165666,8,10.1,7.7,14.3,automl-v1.0.0,2026-05-01T18:01:35+09:00
2026-05-01,9797631165666,9,21.78,18.2,33.8,automl-v1.0.0,2026-05-01T18:01:35+09:00
2026-05-01,9797631165666,10,9.79,7.7,14.3,automl-v1.0.0,2026-05-01T18:01:35+09:00
2026-05-01,9797631165666,11,1.91,1.4,2.6,automl-v1.0.0,2026-05-01T18:01:35+09:00
2026-05-01,9797631165666,12,8.09,7.0,13.0,automl-v1.0.0,2026-05-01T18:01:35+09:00
2026-05-01,9798726247311,1,8.79,6.3,11.7,automl-v1.0.0,2026-05-01T18:01:35+09:00
2026-05-01,9798726247311,2,16.32,11.9,22.1,automl-v1.0.0,2026-05-01T18:01:35+09:00
2026-05-01,9798726247311,3,18.4,14.0,26.0,automl-v1.0.0,2026-05-01T18:01:35+09:00
2026-05-01,9798726247311,4,17.13,12.6,23.4,automl-v1.0.0,2026-05-01T18:01:35+09:00
2026-05-01,9798726247311,5,22.14,14.7,27.3,automl-v1.0.0,2026-05-01T18:01:35+09:00
2026-05-01,9798726247311,6,27.2,18.9,35.1,automl-v1.0.0,2026-05-01T18:01:35+09:00
2026-05-01,9798726247311,7,9.03,6.3,11.7,automl-v1.0.0,2026-05-01T18:01:35+09:00
2026-05-01,9798726247311,8,14.07,11.9,22.1,automl-v1.0.0,2026-05-01T18:01:35+09:00
2026-05-01,9798726247311,9,1.16,0.7,1.3,automl-v1.0.0,2026-05-01T18:01:35+09:00
2026-05-01,9798726247311,10,7.7,5.6,10.4,automl-v1.0.0,2026-05-01T18:01:35+09:00
2026-05-01,9798726247311,11,3.24,2.8,5.2,automl-v1.0.0,2026-05-01T18:01:35+09:00
2026-05-01,9798726247311,12,2.34,1.4,2.6,automl-v1.0.0,2026-05-01T18:01:35+09:00
2026-05-01,9797736026060,1,16.79,10.5,19.5,automl-v1.0.0,2026-05-01T18:01:35+09:00
2026-05-01,9797736026060,2,1.1,0.7,1.3,automl-v1.0.0,2026-05-01T18:01:35+09:00
2026-05-01,9797736026060,3,14.92,10.5,19.5,automl-v1.0.0,2026-05-01T18:01:35+09:00
2026-05-01,9797736026060,4,28.62,17.5,32.5,automl-v1.0.0,2026-05-01T18:01:35+09:00
2026-05-01,9797736026060,5,20.84,14.7,27.3,automl-v1.0.0,2026-05-01T18:01:35+09:00
2026-05-01,9797736026060,6,22.1,13.3,24.7,automl-v1.0.0,2026-05-01T18:01:35+09:00
2026-05-01,9797736026060,7,17.58,14.0,26.0,automl-v1.0.0,2026-05-01T18:01:35+09:00
2026-05-01,9797736026060,8,7.88,4.9,9.1,automl-v1.0.0,2026-05-01T18:01:35+09:00
2026-05-01,9797736026060,9,24.44,21.0,39.0,automl-v1.0.0,2026-05-01T18:01:35+09:00
2026-05-01,9797736026060,10,14.3,11.9,22.1,automl-v1.0.0,2026-05-01T18:01:35+09:00
2026-05-01,9797736026060,11,34.62,21.0,39.0,automl-v1.0.0,2026-05-01T18:01:35+09:00
2026-05-01,9797736026060,12,12.64,10.5,19.5,automl-v1.0.0,2026-05-01T18:01:35+09:00
2026-05-01,9792343098059,1,25.38,16.1,29.9,automl-v1.0.0,2026-05-01T18:01:35+09:00
2026-05-01,9792343098059,2,22.16,18.9,35.1,automl-v1.0.0,2026-05-01T18:01:35+09:00
2026-05-01,9792343098059,3,1.82,1.4,2.6,automl-v1.0.0,2026-05-01T18:01:35+09:00
2026-05-01,9792343098059,4,0.87,0.7,1.3,automl-v1.0.0,2026-05-01T18:01:35+09:00
2026-05-01,9792343098059,5,2.72,2.1,3.9,automl-v1.0.0,2026-05-01T18:01:35+09:00
2026-05-01,9792343098059,6,8.34,7.0,13.0,automl-v1.0.0,2026-05-01T18:01:35+09:00
2026-05-01,9792343098059,7,24.51,18.2,33.8,automl-v1.0.0,2026-05-01T18:01:35+09:00
2026-05-01,9792343098059,8,29.03,19.6,36.4,automl-v1.0.0,2026-05-01T18:01:35+09:00
2026-05-01,9792343098059,9,13.68,10.5,19.5,automl-v1.0.0,2026-05-01T18:01:35+09:00
2026-05-01,9792343098059,10,7.15,5.6,10.4,automl-v1.0.0,2026-05-01T18:01:35+09:00
2026-05-01,9792343098059,11,22.17,15.4,28.6,automl-v1.0.0,2026-05-01T18:01:35+09:00
2026-05-01,9792343098059,12,22.57,15.4,28.6,automl-v1.0.0,2026-05-01T18:01:35+09:00
2026-05-01,9791913619397,1,16.72,9.8,18.2,automl-v1.0.0,2026-05-01T18:01:35+09:00
2026-05-01,9791913619397,2,28.11,21.0,39.0,automl-v1.0.0,2026-05-01T18:01:35+09:00
2026-05-01,9791913619397,3,5.35,4.2,7.8,automl-v1.0.0,2026-05-01T18:01:35+09:00
2026-05-01,9791913619397,4,3.97,2.8,5.2,automl-v1.0.0,2026-05-01T18:01:35+09:00
2026-05-01,9791913619397,5,17.83,15.4,28.6,automl-v1.0.0,2026-05-01T18:01:35+09:00
2026-05-01,9791913619397,6,7.64,4.9,9.1,automl-v1.0.0,2026-05-01T18:01:35+09:00
2026-05-01,9791913619397,7,10.77,8.4,15.6,automl-v1.0.0,2026-05-01T18:01:35+09:00
2026-05-01,9791913619397,8,1.15,0.7,1.3,automl-v1.0.0,2026-05-01T18:01:35+09:00
2026-05-01,9791913619397,9,20.55,17.5,32.5,automl-v1.0.0,2026-05-01T18:01:35+09:00
2026-05-01,9791913619397,10,21.56,14.0,26.0,automl-v1.0.0,2026-05-01T18:01:35+09:00
2026-05-01,9791913619397,11,19.64,13.3,24.7,automl-v1.0.0,2026-05-01T18:01:35+09:00
2026-05-01,9791913619397,12,13.66,9.1,16.9,automl-v1.0.0,2026-05-01T18:01:35+09:00
2026-05-01,9793534624750,1,10.63,8.4,15.6,automl-v1.0.0,2026-05-01T18:01:35+09:00
2026-05-01,9793534624750,2,14.13,9.1,16.9,automl-v1.0.0,2026-05-01T18:01:35+09:00
2026-05-01,9793534624750,3,25.09,16.8,31.2,automl-v1.0.0,2026-05-01T18:01:35+09:00
2026-05-01,9793534624750,4,23.78,14.7,27.3,automl-v1.0.0,2026-05-01T18:01:35+09:00
2026-05-01,9793534624750,5,6.73,5.6,10.4,automl-v1.0.0,2026-05-01T18:01:35+09:00
2026-05-01,9793534624750,6,13.3,10.5,19.5,automl-v1.0.0,2026-05-01T18:01:35+09:00
2026-05-01,9793534624750,7,21.8,13.3,24.7,automl-v1.0.0,2026-05-01T18:01:35+09:00
2026-05-01,9793534624750,8,24.28,17.5,32.5,automl-v1.0.0,2026-05-01T18:01:35+09:00
2026-05-01,9793534624750,9,25.86,21.0,39.0,automl-v1.0.0,2026-05-01T18:01:35+09:00
2026-05-01,9793534624750,10,16.97,11.9,22.1,automl-v1.0.0,2026-05-01T18:01:35+09:00
2026-05-01,9793534624750,11,20.66,16.8,31.2,automl-v1.0.0,2026-05-01T18:01:35+09:00
2026-05-01,9793534624750,12,26.35,21.0,39.0,automl-v1.0.0,2026-05-01T18:01:35+09:00
2026-05-01,9794251354272,1,26.99,16.8,31.2,automl-v1.0.0,2026-05-01T18:01:35+09:00
2026-05-01,9794251354272,2,25.37,18.9,35.1,automl-v1.0.0,2026-05-01T18:01:35+09:00
2026-05-01,9794251354272,3,16.16,11.9,22.1,automl-v1.0.0,2026-05-01T18:01:35+09:00
2026-05-01,9794251354272,4,13.07,7.7,14.3,automl-v1.0.0,2026-05-01T18:01:35+09:00
2026-05-01,9794251354272,5,9.07,5.6,10.4,automl-v1.0.0,2026-05-01T18:01:35+09:00
2026-05-01,9794251354272,6,5.73,3.5,6.5,automl-v1.0.0,2026-05-01T18:01:35+09:00
2026-05-01,9794251354272,7,24.75,15.4,28.6,automl-v1.0.0,2026-05-01T18:01:35+09:00
2026-05-01,9794251354272,8,17.66,12.6,23.4,automl-v1.0.0,2026-05-01T18:01:35+09:00
2026-05-01,9794251354272,9,2.71,2.1,3.9,automl-v1.0.0,2026-05-01T18:01:35+09:00
2026-05-01,9794251354272,10,3.59,2.1,3.9,automl-v1.0.0,2026-05-01T18:01:35+09:00
2026-05-01,9794251354272,11,7.28,5.6,10.4,automl-v1.0.0,2026-05-01T18:01:35+09:00
2026-05-01,9794251354272,12,7.81,4.9,9.1,automl-v1.0.0,2026-05-01T18:01:35+09:00
2026-05-01,9791241182440,1,32.08,20.3,37.7,automl-v1.0.0,2026-05-01T18:01:35+09:00
2026-05-01,9791241182440,2,31.31,21.0,39.0,automl-v1.0.0,2026-05-01T18:01:35+09:00
2026-05-01,9791241182440,3,17.62,10.5,19.5,automl-v1.0.0,2026-05-01T18:01:35+09:00
2026-05-01,9791241182440,4,11.23,9.8,18.2,automl-v1.0.0,2026-05-01T18:01:35+09:00
2026-05-01,9791241182440,5,12.28,8.4,15.6,automl-v1.0.0,2026-05-01T18:01:35+09:00
2026-05-01,9791241182440,6,3.96,2.8,5.2,automl-v1.0.0,2026-05-01T18:01:35+09:00
2026-05-01,9791241182440,7,9.04,5.6,10.4,automl-v1.0.0,2026-05-01T18:01:35+09:00
2026-05-01,9791241182440,8,15.65,10.5,19.5,automl-v1.0.0,2026-05-01T18:01:35+09:00
2026-05-01,9791241182440,9,4.61,2.8,5.2,automl-v1.0.0,2026-05-01T18:01:35+09:00
2026-05-01,9791241182440,10,3.82,2.8,5.2,automl-v1.0.0,2026-05-01T18:01:35+09:00
2026-05-01,9791241182440,11,8.91,7.7,14.3,automl-v1.0.0,2026-05-01T18:01:35+09:00
2026-05-01,9791241182440,12,25.87,16.1,29.9,automl-v1.0.0,2026-05-01T18:01:35+09:00
2026-05-01,9790164005249,1,18.81,12.6,23.4,automl-v1.0.0,2026-05-01T18:01:35+09:00
2026-05-01,9790164005249,2,34.52,21.0,39.0,automl-v1.0.0,2026-05-01T18:01:35+09:00
2026-05-01,9790164005249,3,22.63,17.5,32.5,automl-v1.0.0,2026-05-01T18:01:35+09:00
2026-05-01,9790164005249,4,9.6,7.0,13.0,automl-v1.0.0,2026-05-01T18:01:35+09:00
2026-05-01,9790164005249,5,28.0,18.9,35.1,automl-v1.0.0,2026-05-01T18:01:35+09:00
2026-05-01,9790164005249,6,23.88,16.1,29.9,automl-v1.0.0,2026-05-01T18:01:35+09:00
2026-05-01,9790164005249,7,0.84,0.7,1.3,automl-v1.0.0,2026-05-01T18:01:35+09:00
2026-05-01,9790164005249,8,10.65,7.0,13.0,automl-v1.0.0,2026-05-01T18:01:35+09:00
2026-05-01,9790164005249,9,22.23,14.7,27.3,automl-v1.0.0,2026-05-01T18:01:35+09:00
2026-05-01,9790164005249,10,11.93,8.4,15.6,automl-v1.0.0,2026-05-01T18:01:35+09:00
2026-05-01,9790164005249,11,32.19,19.6,36.4,automl-v1.0.0,2026-05-01T18:01:35+09:00
2026-05-01,9790164005249,12,21.74,14.0,26.0,automl-v1.0.0,2026-05-01T18:01:35+09:00
2026-05-01,9798059826207,1,9.58,6.3,11.7,automl-v1.0.0,2026-05-01T18:01:35+09:00
2026-05-01,9798059826207,2,17.25,11.2,20.8,automl-v1.0.0,2026-05-01T18:01:35+09:00
2026-05-01,9798059826207,3,4.36,2.8,5.2,automl-v1.0.0,2026-05-01T18:01:35+09:00
2026-05-01,9798059826207,4,12.47,9.1,16.9,automl-v1.0.0,2026-05-01T18:01:35+09:00
2026-05-01,9798059826207,5,24.8,16.8,31.2,automl-v1.0.0,2026-05-01T18:01:35+09:00
2026-05-01,9798059826207,6,4.72,3.5,6.5,automl-v1.0.0,2026-05-01T18:01:35+09:00
2026-05-01,9798059826207,7,5.21,3.5,6.5,automl-v1.0.0,2026-05-01T18:01:35+09:00
2026-05-01,9798059826207,8,29.66,19.6,36.4,automl-v1.0.0,2026-05-01T18:01:35+09:00
2026-05-01,9798059826207,9,8.9,7.7,14.3,automl-v1.0.0,2026-05-01T18:01:35+09:00
2026-05-01,9798059826207,10,26.08,21.0,39.0,automl-v1.0.0,2026-05-01T18:01:35+09:00
2026-05-01,9798059826207,11,1.61,1.4,2.6,automl-v1.0.0,2026-05-01T18:01:35+09:00
2026-05-01,9798059826207,12,18.31,15.4,28.6,automl-v1.0.0,2026-05-01T18:01:35+09:00
2026-05-01,9796923226023,1,29.32,18.2,33.8,automl-v1.0.0,2026-05-01T18:01:35+09:00
2026-05-01,9796923226023,2,24.38,15.4,28.6,automl-v1.0.0,2026-05-01T18:01:35+09:00
2026-05-01,9796923226023,3,1.67,1.4,2.6,automl-v1.0.0,2026-05-01T18:01:35+09:00
2026-05-01,9796923226023,4,10.67,7.7,14.3,automl-v1.0.0,2026-05-01T18:01:35+09:00
2026-05-01,9796923226023,5,11.59,9.8,18.2,automl-v1.0.0,2026-05-01T18:01:35+09:00
2026-05-01,9796923226023,6,18.69,13.3,24.7,automl-v1.0.0,2026-05-01T18:01:35+09:00
2026-05-01,9796923226023,7,16.26,12.6,23.4,automl-v1.0.0,2026-05-01T18:01:35+09:00
2026-05-01,9796923226023,8,10.68,6.3,11.7,automl-v1.0.0,2026-05-01T18:01:35+09:00
2026-05-01,9796923226023,9,25.19,16.8,31.2,automl-v1.0.0,2026-05-01T18:01:35+09:00
2026-05-01,9796923226023,10,14.16,11.9,22.1,automl-v1.0.0,2026-05-01T18:01:35+09:00
2026-05-01,9796923226023,11,3.43,2.1,3.9,automl-v1.0.0,2026-05-01T18:01:35+09:00
2026-05-01,9796923226023,12,0.82,0.7,1.3,automl-v1.0.0,2026-05-01T18:01:35+09:00
2026-05-01,9791607337545,1,24.54,16.8,31.2,automl-v1.0.0,2026-05-01T18:01:35+09:00
2026-05-01,9791607337545,2,5.31,3.5,6.5,automl-v1.0.0,2026-05-01T18:01:35+09:00
2026-05-01,9791607337545,3,7.09,4.9,9.1,automl-v1.0.0,2026-05-01T18:01:35+09:00
2026-05-01,9791607337545,4,10.66,7.0,13.0,automl-v1.0.0,2026-05-01T18:01:35+09:00
2026-05-01,9791607337545,5,14.73,9.1,16.9,automl-v1.0.0,2026-05-01T18:01:35+09:00
2026-05-01,9791607337545,6,16.41,14.0,26.0,automl-v1.0.0,2026-05-01T18:01:35+09:00
2026-05-01,9791607337545,7,23.64,15.4,28.6,automl-v1.0.0,2026-05-01T18:01:35+09:00
2026-05-01,9791607337545,8,33.79,20.3,37.7,automl-v1.0.0,2026-05-01T18:01:35+09:00
2026-05-01,9791607337545,9,27.66,18.9,35.1,automl-v1.0.0,2026-05-01T18:01:35+09:00
2026-05-01,9791607337545,10,12.89,9.1,16.9,automl-v1.0.0,2026-05-01T18:01:35+09:00
2026-05-01,9791607337545,11,7.49,4.9,9.1,automl-v1.0.0,2026-05-01T18:01:35+09:00
2026-05-01,9791607337545,12,5.81,4.9,9.1,automl-v1.0.0,2026-05-01T18:01:35+09:00
2026-05-01,9794586850142,1,9.6,6.3,11.7,automl-v1.0.0,2026-05-01T18:01:35+09:00
2026-05-01,9794586850142,2,14.45,11.9,22.1,automl-v1.0.0,2026-05-01T18:01:35+09:00
2026-05-01,9794586850142,3,25.42,15.4,28.6,automl-v1.0.0,2026-05-01T18:01:35+09:00
2026-05-01,9794586850142,4,17.69,10.5,19.5,automl-v1.0.0,2026-05-01T18:01:35+09:00
2026-05-01,9794586850142,5,8.41,5.6,10.4,automl-v1.0.0,2026-05-01T18:01:35+09:00
2026-05-01,9794586850142,6,15.99,9.8,18.2,automl-v1.0.0,2026-05-01T18:01:35+09:00
2026-05-01,9794586850142,7,14.25,8.4,15.6,automl-v1.0.0,2026-05-01T18:01:35+09:00
2026-05-01,9794586850142,8,23.22,16.8,31.2,automl-v1.0.0,2026-05-01T18:01:35+09:00
2026-05-01,9794586850142,9,17.11,14.0,26.0,automl-v1.0.0,2026-05-01T18:01:35+09:00
2026-05-01,9794586850142,10,3.33,2.1,3.9,automl-v1.0.0,2026-05-01T18:01:35+09:00
2026-05-01,9794586850142,11,17.32,11.9,22.1,automl-v1.0.0,2026-05-01T18:01:35+09:00
2026-05-01,9794586850142,12,24.82,20.3,37.7,automl-v1.0.0,2026-05-01T18:01:35+09:00
2026-05-01,9798169340600,1,12.39,9.8,18.2,automl-v1.0.0,2026-05-01T18:01:35+09:00
2026-05-01,9798169340600,2,3.03,2.1,3.9,automl-v1.0.0,2026-05-01T18:01:35+09:00
2026-05-01,9798169340600,3,14.67,9.1,16.9,automl-v1.0.0,2026-05-01T18:01:35+09:00
2026-05-01,9798169340600,4,3.97,2.8,5.2,automl-v1.0.0,2026-05-01T18:01:35+09:00
2026-05-01,9798169340600,5,3.17,2.1,3.9,automl-v1.0.0,2026-05-01T18:01:35+09:00
2026-05-01,9798169340600,6,24.99,14.7,27.3,automl-v1.0.0,2026-05-01T18:01:35+09:00
2026-05-01,9798169340600,7,9.05,5.6,10.4,automl-v1.0.0,2026-05-01T18:01:35+09:00
2026-05-01,9798169340600,8,4.38,3.5,6.5,automl-v1.0.0,2026-05-01T18:01:35+09:00
2026-05-01,9798169340600,9,9.95,6.3,11.7,automl-v1.0.0,2026-05-01T18:01:35+09:00
2026-05-01,9798169340600,10,24.18,16.1,29.9,automl-v1.0.0,2026-05-01T18:01:35+09:00
2026-05-01,9798169340600,11,17.91,14.0,26.0,automl-v1.0.0,2026-05-01T18:01:35+09:00
2026-05-01,9798169340600,12,14.89,11.9,22.1,automl-v1.0.0,2026-05-01T18:01:35+09:00
2026-05-01,9791484656487,1,31.51,21.0,39.0,automl-v1.0.0,2026-05-01T18:01:35+09:00
2026-05-01,9791484656487,2,15.7,13.3,24.7,automl-v1.0.0,2026-05-01T18:01:35+09:00
2026-05-01,9791484656487,3,27.58,19.6,36.4,automl-v1.0.0,2026-05-01T18:01:35+09:00
2026-05-01,9791484656487,4,7.25,6.3,11.7,automl-v1.0.0,2026-05-01T18:01:35+09:00
2026-05-01,9791484656487,5,6.87,5.6,10.4,automl-v1.0.0,2026-05-01T18:01:35+09:00
2026-05-01,9791484656487,6,26.81,18.2,33.8,automl-v1.0.0,2026-05-01T18:01:35+09:00
2026-05-01,9791484656487,7,3.26,2.1,3.9,automl-v1.0.0,2026-05-01T18:01:35+09:00
2026-05-01,9791484656487,8,21.39,16.8,31.2,automl-v1.0.0,2026-05-01T18:01:35+09:00
2026-05-01,9791484656487,9,7.15,4.2,7.8,automl-v1.0.0,2026-05-01T18:01:35+09:00
2026-05-01,9791484656487,10,5.58,3.5,6.5,automl-v1.0.0,2026-05-01T18:01:35+09:00
2026-05-01,9791484656487,11,15.47,12.6,23.4,automl-v1.0.0,2026-05-01T18:01:35+09:00
2026-05-01,9791484656487,12,30.57,20.3,37.7,automl-v1.0.0,2026-05-01T18:01:35+09:00
2026-05-01,9796804436992,1,14.59,9.1,16.9,automl-v1.0.0,2026-05-01T18:01:35+09:00
2026-05-01,9796804436992,2,25.22,21.0,39.0,automl-v1.0.0,2026-05-01T18:01:35+09:00
2026-05-01,9796804436992,3,15.02,9.1,16.9,automl-v1.0.0,2026-05-01T18:01:35+09:00
2026-05-01,9796804436992,4,7.88,5.6,10.4,automl-v1.0.0,2026-05-01T18:01:35+09:00
2026-05-01,9796804436992,5,9.38,6.3,11.7,automl-v1.0.0,2026-05-01T18:01:35+09:00
2026-05-01,9796804436992,6,20.54,14.0,26.0,automl-v1.0.0,2026-05-01T18:01:35+09:00
2026-05-01,9796804436992,7,32.03,19.6,36.4,automl-v1.0.0,2026-05-01T18:01:35+09:00
2026-05-01,9796804436992,8,26.24,21.0,39.0,automl-v1.0.0,2026-05-01T18:01:35+09:00
2026-05-01,9796804436992,9,6.98,4.2,7.8,automl-v1.0.0,2026-05-01T18:01:35+09:00
2026-05-01,9796804436992,10,15.47,9.8,18.2,automl-v1.0.0,2026-05-01T18:01:35+09:00
2026-05-01,9796804436992,11,8.28,6.3,11.7,automl-v1.0.0,2026-05-01T18:01:35+09:00
2026-05-01,9796804436992,12,15.49,11.9,22.1,automl-v1.0.0,2026-05-01T18:01:35+09:00
2026-05-01,9791489513433,1,8.96,5.6,10.4,automl-v1.0.0,2026-05-01T18:01:35+09:00
2026-05-01,9791489513433,2,25.25,16.8,31.2,automl-v1.0.0,2026-05-01T18:01:35+09:00
2026-05-01,9791489513433,3,27.03,17.5,32.5,automl-v1.0.0,2026-05-01T18:01:35+09:00
2026-05-01,9791489513433,4,17.53,12.6,23.4,automl-v1.0.0,2026-05-01T18:01:35+09:00
2026-05-01,9791489513433,5,4.6,2.8,5.2,automl-v1.0.0,2026-05-01T18:01:35+09:00
2026-05-01,9791489513433,6,24.55,20.3,37.7,automl-v1.0.0,2026-05-01T18:01:35+09:00
2026-05-01,9791489513433,7,11.13,7.0,13.0,automl-v1.0.0,2026-05-01T18:01:35+09:00
2026-05-01,9791489513433,8,7.11,5.6,10.4,automl-v1.0.0,2026-05-01T18:01:35+09:00
2026-05-01,9791489513433,9,12.64,9.8,18.2,automl-v1.0.0,2026-05-01T18:01:35+09:00
2026-05-01,9791489513433,10,21.66,14.0,26.0,automl-v1.0.0,2026-05-01T18:01:35+09:00
2026-05-01,9791489513433,11,0.93,0.7,1.3,automl-v1.0.0,2026-05-01T18:01:35+09:00
2026-05-01,9791489513433,12,15.86,11.2,20.8,automl-v1.0.0,2026-05-01T18:01:35+09:00
2026-05-01,9799367632016,1,25.21,18.9,35.1,automl-v1.0.0,2026-05-01T18:01:35+09:00
2026-05-01,9799367632016,2,21.6,16.1,29.9,automl-v1.0.0,2026-05-01T18:01:35+09:00
2026-05-01,9799367632016,3,23.41,15.4,28.6,automl-v1.0.0,2026-05-01T18:01:35+09:00
2026-05-01,9799367632016,4,18.91,16.1,29.9,automl-v1.0.0,2026-05-01T18:01:35+09:00
2026-05-01,9799367632016,5,24.44,14.7,27.3,automl-v1.0.0,2026-05-01T18:01:35+09:00
2026-05-01,9799367632016,6,26.58,16.1,29.9,automl-v1.0.0,2026-05-01T18:01:35+09:00
2026-05-01,9799367632016,7,24.81,17.5,32.5,automl-v1.0.0,2026-05-01T18:01:35+09:00
2026-05-01,9799367632016,8,18.75,11.2,20.8,automl-v1.0.0,2026-05-01T18:01:35+09:00
2026-05-01,9799367632016,9,1.74,1.4,2.6,automl-v1.0.0,2026-05-01T18:01:35+09:00
2026-05-01,9799367632016,10,12.37,8.4,15.6,automl-v1.0.0,2026-05-01T18:01:35+09:00
2026-05-01,9799367632016,11,19.8,16.1,29.9,automl-v1.0.0,2026-05-01T18:01:35+09:00
2026-05-01,9799367632016,12,25.11,16.1,29.9,automl-v1.0.0,2026-05-01T18:01:35+09:00
2026-05-01,9791727889573,1,15.36,9.1,16.9,automl-v1.0.0,2026-05-01T18:01:35+09:00
2026-05-01,9791727889573,2,13.01,10.5,19.5,automl-v1.0.0,2026-05-01T18:01:35+09:00
2026-05-01,9791727889573,3,12.2,9.8,18.2,automl-v1.0.0,2026-05-01T18:01:35+09:00
2026-05-01,9791727889573,4,28.48,16.8,31.2,automl-v1.0.0,2026-05-01T18:01:35+09:00
2026-05-01,9791727889573,5,14.17,9.1,16.9,automl-v1.0.0,2026-05-01T18:01:35+09:00
2026-05-01,9791727889573,6,6.01,4.9,9.1,automl-v1.0.0,2026-05-01T18:01:35+09:00
2026-05-01,9791727889573,7,11.04,7.7,14.3,automl-v1.0.0,2026-05-01T18:01:35+09:00
2026-05-01,9791727889573,8,3.04,2.1,3.9,automl-v1.0.0,2026-05-01T18:01:35+09:00
2026-05-01,9791727889573,9,0.87,0.7,1.3,automl-v1.0.0,2026-05-01T18:01:35+09:00
2026-05-01,9791727889573,10,10.32,7.7,14.3,automl-v1.0.0,2026-05-01T18:01:35+09:00
2026-05-01,9791727889573,11,20.72,14.0,26.0,automl-v1.0.0,2026-05-01T18:01:35+09:00
2026-05-01,9791727889573,12,15.8,11.2,20.8,automl-v1.0.0,2026-05-01T18:01:35+09:00
2026-05-01,9793487347140,1,8.71,5.6,10.4,automl-v1.0.0,2026-05-01T18:01:35+09:00
2026-05-01,9793487347140,2,33.56,21.0,39.0,automl-v1.0.0,2026-05-01T18:01:35+09:00
2026-05-01,9793487347140,3,7.28,4.9,9.1,automl-v1.0.0,2026-05-01T18:01:35+09:00
2026-05-01,9793487347140,4,14.29,8.4,15.6,automl-v1.0.0,2026-05-01T18:01:35+09:00
2026-05-01,9793487347140,5,28.88,19.6,36.4,automl-v1.0.0,2026-05-01T18:01:35+09:00
2026-05-01,9793487347140,6,23.46,17.5,32.5,automl-v1.0.0,2026-05-01T18:01:35+09:00
2026-05-01,9793487347140,7,22.51,13.3,24.7,automl-v1.0.0,2026-05-01T18:01:35+09:00
2026-05-01,9793487347140,8,23.18,18.9,35.1,automl-v1.0.0,2026-05-01T18:01:35+09:00
2026-05-01,9793487347140,9,23.53,16.8,31.2,automl-v1.0.0,2026-05-01T18:01:35+09:00
2026-05-01,9793487347140,10,18.35,15.4,28.6,automl-v1.0.0,2026-05-01T18:01:35+09:00
2026-05-01,9793487347140,11,2.98,2.1,3.9,automl-v1.0.0,2026-05-01T18:01:35+09:00
2026-05-01,9793487347140,12,8.37,4.9,9.1,automl-v1.0.0,2026-05-01T18:01:35+09:00
2026-05-01,9793166587607,1,29.47,21.0,39.0,automl-v1.0.0,2026-05-01T18:01:35+09:00
2026-05-01,9793166587607,2,7.59,4.9,9.1,automl-v1.0.0,2026-05-01T18:01:35+09:00
2026-05-01,9793166587607,3,12.03,9.8,18.2,automl-v1.0.0,2026-05-01T18:01:35+09:00
2026-05-01,9793166587607,4,11.49,8.4,15.6,automl-v1.0.0,2026-05-01T18:01:35+09:00
2026-05-01,9793166587607,5,20.69,14.7,27.3,automl-v1.0.0,2026-05-01T18:01:35+09:00
2026-05-01,9793166587607,6,11.78,9.8,18.2,automl-v1.0.0,2026-05-01T18:01:35+09:00
2026-05-01,9793166587607,7,5.68,4.2,7.8,automl-v1.0.0,2026-05-01T18:01:35+09:00
2026-05-01,9793166587607,8,16.5,12.6,23.4,automl-v1.0.0,2026-05-01T18:01:35+09:00
2026-05-01,9793166587607,9,24.2,19.6,36.4,automl-v1.0.0,2026-05-01T18:01:35+09:00
2026-05-01,9793166587607,10,5.69,4.9,9.1,automl-v1.0.0,2026-05-01T18:01:35+09:00
2026-05-01,9793166587607,11,1.02,0.7,1.3,automl-v1.0.0,2026-05-01T18:01:35+09:00
2026-05-01,9793166587607,12,11.51,8.4,15.6,automl-v1.0.0,2026-05-01T18:01:35+09:00
2026-05-01,9795466889375,1,6.5,5.6,10.4,automl-v1.0.0,2026-05-01T18:01:35+09:00
2026-05-01,9795466889375,2,18.36,11.9,22.1,automl-v1.0.0,2026-05-01T18:01:35+09:00
2026-05-01,9795466889375,3,22.53,13.3,24.7,automl-v1.0.0,2026-05-01T18:01:35+09:00
2026-05-01,9795466889375,4,18.92,14.7,27.3,automl-v1.0.0,2026-05-01T18:01:35+09:00
2026-05-01,9795466889375,5,21.49,14.7,27.3,automl-v1.0.0,2026-05-01T18:01:35+09:00
2026-05-01,9795466889375,6,16.77,11.9,22.1,automl-v1.0.0,2026-05-01T18:01:35+09:00
2026-05-01,9795466889375,7,34.06,21.0,39.0,automl-v1.0.0,2026-05-01T18:01:35+09:00
2026-05-01,9795466889375,8,6.72,4.2,7.8,automl-v1.0.0,2026-05-01T18:01:35+09:00
2026-05-01,9795466889375,9,2.31,1.4,2.6,automl-v1.0.0,2026-05-01T18:01:35+09:00
2026-05-01,9795466889375,10,23.9,15.4,28.6,automl-v1.0.0,2026-05-01T18:01:35+09:00
2026-05-01,9795466889375,11,14.98,11.9,22.1,automl-v1.0.0,2026-05-01T18:01:35+09:00
2026-05-01,9795466889375,12,6.33,4.2,7.8,automl-v1.0.0,2026-05-01T18:01:35+09:00
2026-05-01,9797298069901,1,8.69,5.6,10.4,automl-v1.0.0,2026-05-01T18:01:35+09:00
2026-05-01,9797298069901,2,13.26,8.4,15.6,automl-v1.0.0,2026-05-01T18:01:35+09:00
2026-05-01,9797298069901,3,10.18,7.0,13.0,automl-v1.0.0,2026-05-01T18:01:35+09:00
2026-05-01,9797298069901,4,4.37,3.5,6.5,automl-v1.0.0,2026-05-01T18:01:35+09:00
2026-05-01,9797298069901,5,13.66,11.2,20.8,automl-v1.0.0,2026-05-01T18:01:35+09:00
2026-05-01,9797298069901,6,3.14,2.1,3.9,automl-v1.0.0,2026-05-01T18:01:35+09:00
2026-05-01,9797298069901,7,22.65,19.6,36.4,automl-v1.0.0,2026-05-01T18:01:35+09:00
2026-05-01,9797298069901,8,8.55,7.0,13.0,automl-v1.0.0,2026-05-01T18:01:35+09:00
2026-05-01,9797298069901,9,14.42,11.2,20.8,automl-v1.0.0,2026-05-01T18:01:35+09:00
2026-05-01,9797298069901,10,18.21,15.4,28.6,automl-v1.0.0,2026-05-01T18:01:35+09:00
2026-05-01,9797298069901,11,23.9,15.4,28.6,automl-v1.0.0,2026-05-01T18:01:35+09:00
2026-05-01,9797298069901,12,16.72,11.2,20.8,automl-v1.0.0,2026-05-01T18:01:35+09:00
2026-05-01,9795564641707,1,15.47,9.8,18.2,automl-v1.0.0,2026-05-01T18:01:35+09:00
2026-05-01,9795564641707,2,7.36,4.9,9.1,automl-v1.0.0,2026-05-01T18:01:35+09:00
2026-05-01,9795564641707,3,9.09,7.7,14.3,automl-v1.0.0,2026-05-01T18:01:35+09:00
2026-05-01,9795564641707,4,21.85,14.0,26.0,automl-v1.0.0,2026-05-01T18:01:35+09:00
2026-05-01,9795564641707,5,10.36,7.7,14.3,automl-v1.0.0,2026-05-01T18:01:35+09:00
2026-05-01,9795564641707,6,3.22,2.1,3.9,automl-v1.0.0,2026-05-01T18:01:35+09:00
2026-05-01,9795564641707,7,0.81,0.7,1.3,automl-v1.0.0,2026-05-01T18:01:35+09:00
2026-05-01,9795564641707,8,13.85,8.4,15.6,automl-v1.0.0,2026-05-01T18:01:35+09:00
2026-05-01,9795564641707,9,2.01,1.4,2.6,automl-v1.0.0,2026-05-01T18:01:35+09:00
2026-05-01,9795564641707,10,18.43,14.0,26.0,automl-v1.0.0,2026-05-01T18:01:35+09:00
2026-05-01,9795564641707,11,19.93,12.6,23.4,automl-v1.0.0,2026-05-01T18:01:35+09:00
2026-05-01,9795564641707,12,19.59,16.1,29.9,automl-v1.0.0,2026-05-01T18:01:35+09:00
2026-05-01,9793309232715,1,16.11,9.8,18.2,automl-v1.0.0,2026-05-01T18:01:35+09:00
2026-05-01,9793309232715,2,7.53,4.9,9.1,automl-v1.0.0,2026-05-01T18:01:35+09:00
2026-05-01,9793309232715,3,0.88,0.7,1.3,automl-v1.0.0,2026-05-01T18:01:35+09:00
2026-05-01,9793309232715,4,1.2,0.7,1.3,automl-v1.0.0,2026-05-01T18:01:35+09:00
2026-05-01,9793309232715,5,4.26,3.5,6.5,automl-v1.0.0,2026-05-01T18:01:35+09:00
2026-05-01,9793309232715,6,8.97,7.7,14.3,automl-v1.0.0,2026-05-01T18:01:35+09:00
2026-05-01,9793309232715,7,25.48,16.8,31.2,automl-v1.0.0,2026-05-01T18:01:35+09:00
2026-05-01,9793309232715,8,6.41,5.6,10.4,automl-v1.0.0,2026-05-01T18:01:35+09:00
2026-05-01,9793309232715,9,25.41,20.3,37.7,automl-v1.0.0,2026-05-01T18:01:35+09:00
2026-05-01,9793309232715,10,9.66,6.3,11.7,automl-v1.0.0,2026-05-01T18:01:35+09:00
2026-05-01,9793309232715,11,32.7,20.3,37.7,automl-v1.0.0,2026-05-01T18:01:35+09:00
2026-05-01,9793309232715,12,7.91,6.3,11.7,automl-v1.0.0,2026-05-01T18:01:35+09:00
2026-05-01,9792419049664,1,13.99,10.5,19.5,automl-v1.0.0,2026-05-01T18:01:35+09:00
2026-05-01,9792419049664,2,7.21,4.9,9.1,automl-v1.0.0,2026-05-01T18:01:35+09:00
2026-05-01,9792419049664,3,15.5,9.8,18.2,automl-v1.0.0,2026-05-01T18:01:35+09:00
2026-05-01,9792419049664,4,5.7,3.5,6.5,automl-v1.0.0,2026-05-01T18:01:35+09:00
2026-05-01,9792419049664,5,14.62,12.6,23.4,automl-v1.0.0,2026-05-01T18:01:35+09:00
2026-05-01,9792419049664,6,16.89,14.0,26.0,automl-v1.0.0,2026-05-01T18:01:35+09:00
2026-05-01,9792419049664,7,15.17,9.8,18.2,automl-v1.0.0,2026-05-01T18:01:35+09:00
2026-05-01,9792419049664,8,6.8,5.6,10.4,automl-v1.0.0,2026-05-01T18:01:35+09:00
2026-05-01,9792419049664,9,31.32,18.9,35.1,automl-v1.0.0,2026-05-01T18:01:35+09:00
2026-05-01,9792419049664,10,14.63,9.8,18.2,automl-v1.0.0,2026-05-01T18:01:35+09:00
2026-05-01,9792419049664,11,27.63,18.9,35.1,automl-v1.0.0,2026-05-01T18:01:35+09:00
2026-05-01,9792419049664,12,25.69,16.8,31.2,automl-v1.0.0,2026-05-01T18:01:35+09:00
2026-05-01,9799190586517,1,0.9,0.7,1.3,automl-v1.0.0,2026-05-01T18:01:35+09:00
2026-05-01,9799190586517,2,22.42,19.6,36.4,automl-v1.0.0,2026-05-01T18:01:35+09:00
2026-05-01,9799190586517,3,10.94,8.4,15.6,automl-v1.0.0,2026-05-01T18:01:35+09:00
2026-05-01,9799190586517,4,7.43,6.3,11.7,automl-v1.0.0,2026-05-01T18:01:35+09:00
2026-05-01,9799190586517,5,0.96,0.7,1.3,automl-v1.0.0,2026-05-01T18:01:35+09:00
2026-05-01,9799190586517,6,13.39,9.8,18.2,automl-v1.0.0,2026-05-01T18:01:35+09:00
2026-05-01,9799190586517,7,18.73,13.3,24.7,automl-v1.0.0,2026-05-01T18:01:35+09:00
2026-05-01,9799190586517,8,1.07,0.7,1.3,automl-v1.0.0,2026-05-01T18:01:35+09:00
2026-05-01,9799190586517,9,9.16,7.0,13.0,automl-v1.0.0,2026-05-01T18:01:35+09:00
2026-05-01,9799190586517,10,22.38,16.8,31.2,automl-v1.0.0,2026-05-01T18:01:35+09:00
2026-05-01,9799190586517,11,0.84,0.7,1.3,automl-v1.0.0,2026-05-01T18:01:35+09:00
2026-05-01,9799190586517,12,25.5,16.8,31.2,automl-v1.0.0,2026-05-01T18:01:35+09:00
2026-05-01,9797262849874,1,15.41,11.2,20.8,automl-v1.0.0,2026-05-01T18:01:35+09:00
2026-05-01,9797262849874,2,5.16,3.5,6.5,automl-v1.0.0,2026-05-01T18:01:35+09:00
2026-05-01,9797262849874,3,15.85,9.8,18.2,automl-v1.0.0,2026-05-01T18:01:35+09:00
2026-05-01,9797262849874,4,6.04,4.2,7.8,automl-v1.0.0,2026-05-01T18:01:35+09:00
2026-05-01,9797262849874,5,16.18,13.3,24.7,automl-v1.0.0,2026-05-01T18:01:35+09:00
2026-05-01,9797262849874,6,3.39,2.8,5.2,automl-v1.0.0,2026-05-01T18:01:35+09:00
2026-05-01,9797262849874,7,0.93,0.7,1.3,automl-v1.0.0,2026-05-01T18:01:35+09:00
2026-05-01,9797262849874,8,1.06,0.7,1.3,automl-v1.0.0,2026-05-01T18:01:35+09:00
2026-05-01,9797262849874,9,25.04,18.2,33.8,automl-v1.0.0,2026-05-01T18:01:35+09:00
2026-05-01,9797262849874,10,22.63,13.3,24.7,automl-v1.0.0,2026-05-01T18:01:35+09:00
2026-05-01,9797262849874,11,11.75,9.8,18.2,automl-v1.0.0,2026-05-01T18:01:35+09:00
2026-05-01,9797262849874,12,26.62,16.8,31.2,automl-v1.0.0,2026-05-01T18:01:35+09:00
2026-05-01,9793799650754,1,3.73,2.8,5.2,automl-v1.0.0,2026-05-01T18:01:35+09:00
2026-05-01,9793799650754,2,6.5,4.2,7.8,automl-v1.0.0,2026-05-01T18:01:35+09:00
2026-05-01,9793799650754,3,10.37,8.4,15.6,automl-v1.0.0,2026-05-01T18:01:35+09:00
2026-05-01,9793799650754,4,8.63,5.6,10.4,automl-v1.0.0,2026-05-01T18:01:35+09:00
2026-05-01,9793799650754,5,5.32,3.5,6.5,automl-v1.0.0,2026-05-01T18:01:35+09:00
2026-05-01,9793799650754,6,21.14,12.6,23.4,automl-v1.0.0,2026-05-01T18:01:35+09:00
2026-05-01,9793799650754,7,11.01,7.7,14.3,automl-v1.0.0,2026-05-01T18:01:35+09:00
2026-05-01,9793799650754,8,15.79,12.6,23.4,automl-v1.0.0,2026-05-01T18:01:35+09:00
2026-05-01,9793799650754,9,15.89,10.5,19.5,automl-v1.0.0,2026-05-01T18:01:35+09:00
2026-05-01,9793799650754,10,19.35,14.7,27.3,automl-v1.0.0,2026-05-01T18:01:35+09:00
2026-05-01,9793799650754,11,14.02,8.4,15.6,automl-v1.0.0,2026-05-01T18:01:35+09:00
2026-05-01,9793799650754,12,19.75,16.8,31.2,automl-v1.0.0,2026-05-01T18:01:35+09:00
2026-05-01,9798083136785,1,26.23,16.1,29.9,automl-v1.0.0,2026-05-01T18:01:35+09:00
2026-05-01,9798083136785,2,9.99,7.0,13.0,automl-v1.0.0,2026-05-01T18:01:35+09:00
2026-05-01,9798083136785,3,11.31,9.1,16.9,automl-v1.0.0,2026-05-01T18:01:35+09:00
2026-05-01,9798083136785,4,12.08,7.7,14.3,automl-v1.0.0,2026-05-01T18:01:35+09:00
2026-05-01,9798083136785,5,19.35,15.4,28.6,automl-v1.0.0,2026-05-01T18:01:35+09:00
2026-05-01,9798083136785,6,9.82,8.4,15.6,automl-v1.0.0,2026-05-01T18:01:35+09:00
2026-05-01,9798083136785,7,3.34,2.8,5.2,automl-v1.0.0,2026-05-01T18:01:35+09:00
2026-05-01,9798083136785,8,27.96,21.0,39.0,automl-v1.0.0,2026-05-01T18:01:35+09:00
2026-05-01,9798083136785,9,6.76,4.2,7.8,automl-v1.0.0,2026-05-01T18:01:35+09:00
2026-05-01,9798083136785,10,11.03,7.7,14.3,automl-v1.0.0,2026-05-01T18:01:35+09:00
2026-05-01,9798083136785,11,15.88,9.8,18.2,automl-v1.0.0,2026-05-01T18:01:35+09:00
2026-05-01,9798083136785,12,14.67,10.5,19.5,automl-v1.0.0,2026-05-01T18:01:35+09:00
2026-05-01,9796349578850,1,18.38,12.6,23.4,automl-v1.0.0,2026-05-01T18:01:35+09:00
2026-05-01,9796349578850,2,5.76,4.2,7.8,automl-v1.0.0,2026-05-01T18:01:35+09:00
2026-05-01,9796349578850,3,6.66,5.6,10.4,automl-v1.0.0,2026-05-01T18:01:35+09:00
2026-05-01,9796349578850,4,13.66,10.5,19.5,automl-v1.0.0,2026-05-01T18:01:35+09:00
2026-05-01,9796349578850,5,15.34,13.3,24.7,automl-v1.0.0,2026-05-01T18:01:35+09:00
2026-05-01,9796349578850,6,6.46,5.6,10.4,automl-v1.0.0,2026-05-01T18:01:35+09:00
2026-05-01,9796349578850,7,35.57,21.0,39.0,automl-v1.0.0,2026-05-01T18:01:35+09:00
2026-05-01,9796349578850,8,30.19,18.2,33.8,automl-v1.0.0,2026-05-01T18:01:35+09:00
2026-05-01,9796349578850,9,32.45,20.3,37.7,automl-v1.0.0,2026-05-01T18:01:35+09:00
2026-05-01,9796349578850,10,1.08,0.7,1.3,automl-v1.0.0,2026-05-01T18:01:35+09:00
2026-05-01,9796349578850,11,18.78,13.3,24.7,automl-v1.0.0,2026-05-01T18:01:35+09:00
2026-05-01,9796349578850,12,27.47,18.9,35.1,automl-v1.0.0,2026-05-01T18:01:35+09:00
2026-05-01,9793518233749,1,3.36,2.1,3.9,automl-v1.0.0,2026-05-01T18:01:35+09:00
2026-05-01,9793518233749,2,31.85,19.6,36.4,automl-v1.0.0,2026-05-01T18:01:35+09:00
2026-05-01,9793518233749,3,31.33,18.9,35.1,automl-v1.0.0,2026-05-01T18:01:35+09:00
2026-05-01,9793518233749,4,6.26,4.2,7.8,automl-v1.0.0,2026-05-01T18:01:35+09:00
2026-05-01,9793518233749,5,25.75,20.3,37.7,automl-v1.0.0,2026-05-01T18:01:35+09:00
2026-05-01,9793518233749,6,21.42,16.1,29.9,automl-v1.0.0,2026-05-01T18:01:35+09:00
2026-05-01,9793518233749,7,25.47,16.1,29.9,automl-v1.0.0,2026-05-01T18:01:35+09:00
2026-05-01,9793518233749,8,24.03,15.4,28.6,automl-v1.0.0,2026-05-01T18:01:35+09:00
2026-05-01,9793518233749,9,23.03,14.0,26.0,automl-v1.0.0,2026-05-01T18:01:35+09:00
2026-05-01,9793518233749,10,1.86,1.4,2.6,automl-v1.0.0,2026-05-01T18:01:35+09:00
2026-05-01,9793518233749,11,24.47,18.2,33.8,automl-v1.0.0,2026-05-01T18:01:35+09:00
2026-05-01,9793518233749,12,13.68,9.8,18.2,automl-v1.0.0,2026-05-01T18:01:35+09:00
2026-05-01,9794082400841,1,14.98,10.5,19.5,automl-v1.0.0,2026-05-01T18:01:35+09:00
2026-05-01,9794082400841,2,23.86,14.0,26.0,automl-v1.0.0,2026-05-01T18:01:35+09:00
2026-05-01,9794082400841,3,2.53,2.1,3.9,automl-v1.0.0,2026-05-01T18:01:35+09:00
2026-05-01,9794082400841,4,7.8,4.9,9.1,automl-v1.0.0,2026-05-01T18:01:35+09:00
2026-05-01,9794082400841,5,21.26,13.3,24.7,automl-v1.0.0,2026-05-01T18:01:35+09:00
2026-05-01,9794082400841,6,6.46,5.6,10.4,automl-v1.0.0,2026-05-01T18:01:35+09:00
2026-05-01,9794082400841,7,11.03,7.0,13.0,automl-v1.0.0,2026-05-01T18:01:35+09:00
2026-05-01,9794082400841,8,14.47,10.5,19.5,automl-v1.0.0,2026-05-01T18:01:35+09:00
2026-05-01,9794082400841,9,4.88,3.5,6.5,automl-v1.0.0,2026-05-01T18:01:35+09:00
2026-05-01,9794082400841,10,8.37,6.3,11.7,automl-v1.0.0,2026-05-01T18:01:35+09:00
2026-05-01,9794082400841,11,30.05,19.6,36.4,automl-v1.0.0,2026-05-01T18:01:35+09:00
2026-05-01,9794082400841,12,3.6,2.1,3.9,automl-v1.0.0,2026-05-01T18:01:35+09:00
2026-05-01,9790471167197,1,1.02,0.7,1.3,automl-v1.0.0,2026-05-01T18:01:35+09:00
2026-05-01,9790471167197,2,33.05,20.3,37.7,automl-v1.0.0,2026-05-01T18:01:35+09:00
2026-05-01,9790471167197,3,17.48,11.9,22.1,automl-v1.0.0,2026-05-01T18:01:35+09:00
2026-05-01,9790471167197,4,35.38,21.0,39.0,automl-v1.0.0,2026-05-01T18:01:35+09:00
2026-05-01,9790471167197,5,28.67,18.2,33.8,automl-v1.0.0,2026-05-01T18:01:35+09:00
2026-05-01,9790471167197,6,27.24,20.3,37.7,automl-v1.0.0,2026-05-01T18:01:35+09:00
2026-05-01,9790471167197,7,35.57,21.0,39.0,automl-v1.0.0,2026-05-01T18:01:35+09:00
2026-05-01,9790471167197,8,5.08,4.2,7.8,automl-v1.0.0,2026-05-01T18:01:35+09:00
2026-05-01,9790471167197,9,6.16,4.9,9.1,automl-v1.0.0,2026-05-01T18:01:35+09:00
2026-05-01,9790471167197,10,23.2,16.1,29.9,automl-v1.0.0,2026-05-01T18:01:35+09:00
2026-05-01,9790471167197,11,23.76,17.5,32.5,automl-v1.0.0,2026-05-01T18:01:35+09:00
2026-05-01,9790471167197,12,1.17,0.7,1.3,automl-v1.0.0,2026-05-01T18:01:35+09:00
2026-05-01,9796999386775,1,6.36,4.9,9.1,automl-v1.0.0,2026-05-01T18:01:35+09:00
2026-05-01,9796999386775,2,15.01,9.8,18.2,automl-v1.0.0,2026-05-01T18:01:35+09:00
2026-05-01,9796999386775,3,2.56,2.1,3.9,automl-v1.0.0,2026-05-01T18:01:35+09:00
2026-05-01,9796999386775,4,17.92,11.9,22.1,automl-v1.0.0,2026-05-01T18:01:35+09:00
2026-05-01,9796999386775,5,29.19,20.3,37.7,automl-v1.0.0,2026-05-01T18:01:35+09:00
2026-05-01,9796999386775,6,21.77,14.0,26.0,automl-v1.0.0,2026-05-01T18:01:35+09:00
2026-05-01,9796999386775,7,1.07,0.7,1.3,automl-v1.0.0,2026-05-01T18:01:35+09:00
2026-05-01,9796999386775,8,29.95,21.0,39.0,automl-v1.0.0,2026-05-01T18:01:35+09:00
2026-05-01,9796999386775,9,15.09,9.1,16.9,automl-v1.0.0,2026-05-01T18:01:35+09:00
2026-05-01,9796999386775,10,20.32,16.8,31.2,automl-v1.0.0,2026-05-01T18:01:35+09:00
2026-05-01,9796999386775,11,8.74,5.6,10.4,automl-v1.0.0,2026-05-01T18:01:35+09:00
2026-05-01,9796999386775,12,19.79,13.3,24.7,automl-v1.0.0,2026-05-01T18:01:35+09:00
2026-05-01,9793341232810,1,20.82,14.7,27.3,automl-v1.0.0,2026-05-01T18:01:35+09:00
2026-05-01,9793341232810,2,33.18,20.3,37.7,automl-v1.0.0,2026-05-01T18:01:35+09:00
2026-05-01,9793341232810,3,17.01,14.0,26.0,automl-v1.0.0,2026-05-01T18:01:35+09:00
2026-05-01,9793341232810,4,4.21,2.8,5.2,automl-v1.0.0,2026-05-01T18:01:35+09:00
2026-05-01,9793341232810,5,27.94,21.0,39.0,automl-v1.0.0,2026-05-01T18:01:35+09:00
2026-05-01,9793341232810,6,15.26,9.1,16.9,automl-v1.0.0,2026-05-01T18:01:35+09:00
2026-05-01,9793341232810,7,33.4,21.0,39.0,automl-v1.0.0,2026-05-01T18:01:35+09:00
2026-05-01,9793341232810,8,24.87,19.6,36.4,automl-v1.0.0,2026-05-01T18:01:35+09:00
2026-05-01,9793341232810,9,18.2,11.9,22.1,automl-v1.0.0,2026-05-01T18:01:35+09:00
2026-05-01,9793341232810,10,24.39,16.8,31.2,automl-v1.0.0,2026-05-01T18:01:35+09:00
2026-05-01,9793341232810,11,18.2,11.9,22.1,automl-v1.0.0,2026-05-01T18:01:35+09:00
2026-05-01,9793341232810,12,32.81,20.3,37.7,automl-v1.0.0,2026-05-01T18:01:35+09:00
2026-05-01,9794713493617,1,16.09,11.9,22.1,automl-v1.0.0,2026-05-01T18:01:35+09:00
2026-05-01,9794713493617,2,24.89,14.7,27.3,automl-v1.0.0,2026-05-01T18:01:35+09:00
2026-05-01,9794713493617,3,20.6,12.6,23.4,automl-v1.0.0,2026-05-01T18:01:35+09:00
2026-05-01,9794713493617,4,16.3,11.9,22.1,automl-v1.0.0,2026-05-01T18:01:35+09:00
2026-05-01,9794713493617,5,17.68,14.7,27.3,automl-v1.0.0,2026-05-01T18:01:35+09:00
2026-05-01,9794713493617,6,27.67,17.5,32.5,automl-v1.0.0,2026-05-01T18:01:35+09:00
2026-05-01,9794713493617,7,22.35,17.5,32.5,automl-v1.0.0,2026-05-01T18:01:35+09:00
2026-05-01,9794713493617,8,18.75,13.3,24.7,automl-v1.0.0,2026-05-01T18:01:35+09:00
2026-05-01,9794713493617,9,20.63,16.1,29.9,automl-v1.0.0,2026-05-01T18:01:35+09:00
2026-05-01,9794713493617,10,26.77,16.1,29.9,automl-v1.0.0,2026-05-01T18:01:35+09:00
2026-05-01,9794713493617,11,15.27,13.3,24.7,automl-v1.0.0,2026-05-01T18:01:35+09:00
2026-05-01,9794713493617,12,0.99,0.7,1.3,automl-v1.0.0,2026-05-01T18:01:35+09:00
2026-05-01,9799471746487,1,16.56,11.2,20.8,automl-v1.0.0,2026-05-01T18:01:35+09:00
2026-05-01,9799471746487,2,20.66,14.0,26.0,automl-v1.0.0,2026-05-01T18:01:35+09:00
2026-05-01,9799471746487,3,22.8,14.0,26.0,automl-v1.0.0,2026-05-01T18:01:35+09:00
2026-05-01,9799471746487,4,25.47,16.8,31.2,automl-v1.0.0,2026-05-01T18:01:35+09:00
2026-05-01,9799471746487,5,11.13,7.0,13.0,automl-v1.0.0,2026-05-01T18:01:35+09:00
2026-05-01,9799471746487,6,10.84,7.7,14.3,automl-v1.0.0,2026-05-01T18:01:35+09:00
2026-05-01,9799471746487,7,30.65,20.3,37.7,automl-v1.0.0,2026-05-01T18:01:35+09:00
2026-05-01,9799471746487,8,10.33,6.3,11.7,automl-v1.0.0,2026-05-01T18:01:35+09:00
2026-05-01,9799471746487,9,9.11,7.0,13.0,automl-v1.0.0,2026-05-01T18:01:35+09:00
2026-05-01,9799471746487,10,33.19,19.6,36.4,automl-v1.0.0,2026-05-01T18:01:35+09:00
2026-05-01,9799471746487,11,14.42,10.5,19.5,automl-v1.0.0,2026-05-01T18:01:35+09:00
2026-05-01,9799471746487,12,32.81,20.3,37.7,automl-v1.0.0,2026-05-01T18:01:35+09:00
2026-05-01,9790139904904,1,23.29,16.8,31.2,automl-v1.0.0,2026-05-01T18:01:35+09:00
2026-05-01,9790139904904,2,13.73,9.1,16.9,automl-v1.0.0,2026-05-01T18:01:35+09:00
2026-05-01,9790139904904,3,28.12,21.0,39.0,automl-v1.0.0,2026-05-01T18:01:35+09:00
2026-05-01,9790139904904,4,18.75,14.7,27.3,automl-v1.0.0,2026-05-01T18:01:35+09:00
2026-05-01,9790139904904,5,24.52,17.5,32.5,automl-v1.0.0,2026-05-01T18:01:35+09:00
2026-05-01,9790139904904,6,14.37,8.4,15.6,automl-v1.0.0,2026-05-01T18:01:35+09:00
2026-05-01,9790139904904,7,4.3,2.8,5.2,automl-v1.0.0,2026-05-01T18:01:35+09:00
2026-05-01,9790139904904,8,1.17,0.7,1.3,automl-v1.0.0,2026-05-01T18:01:35+09:00
2026-05-01,9790139904904,9,21.69,16.8,31.2,automl-v1.0.0,2026-05-01T18:01:35+09:00
2026-05-01,9790139904904,10,11.35,7.7,14.3,automl-v1.0.0,2026-05-01T18:01:35+09:00
2026-05-01,9790139904904,11,30.18,21.0,39.0,automl-v1.0.0,2026-05-01T18:01:35+09:00
2026-05-01,9790139904904,12,31.33,21.0,39.0,automl-v1.0.0,2026-05-01T18:01:35+09:00
2026-05-01,9797175655128,1,13.0,7.7,14.3,automl-v1.0.0,2026-05-01T18:01:35+09:00
2026-05-01,9797175655128,2,22.77,14.7,27.3,automl-v1.0.0,2026-05-01T18:01:35+09:00
2026-05-01,9797175655128,3,20.83,13.3,24.7,automl-v1.0.0,2026-05-01T18:01:35+09:00
2026-05-01,9797175655128,4,16.87,10.5,19.5,automl-v1.0.0,2026-05-01T18:01:35+09:00
2026-05-01,9797175655128,5,25.6,16.1,29.9,automl-v1.0.0,2026-05-01T18:01:35+09:00
2026-05-01,9797175655128,6,13.24,9.8,18.2,automl-v1.0.0,2026-05-01T18:01:35+09:00
2026-05-01,9797175655128,7,25.92,19.6,36.4,automl-v1.0.0,2026-05-01T18:01:35+09:00
2026-05-01,9797175655128,8,18.74,11.9,22.1,automl-v1.0.0,2026-05-01T18:01:35+09:00
2026-05-01,9797175655128,9,32.06,21.0,39.0,automl-v1.0.0,2026-05-01T18:01:35+09:00
2026-05-01,9797175655128,10,10.63,7.7,14.3,automl-v1.0.0,2026-05-01T18:01:35+09:00
2026-05-01,9797175655128,11,26.54,18.2,33.8,automl-v1.0.0,2026-05-01T18:01:35+09:00
2026-05-01,9797175655128,12,12.88,9.1,16.9,automl-v1.0.0,2026-05-01T18:01:35+09:00
2026-05-01,9795451680871,1,11.98,7.0,13.0,automl-v1.0.0,2026-05-01T18:01:35+09:00
2026-05-01,9795451680871,2,8.37,4.9,9.1,automl-v1.0.0,2026-05-01T18:01:35+09:00
2026-05-01,9795451680871,3,17.94,15.4,28.6,automl-v1.0.0,2026-05-01T18:01:35+09:00
2026-05-01,9795451680871,4,31.92,18.9,35.1,automl-v1.0.0,2026-05-01T18:01:35+09:00
2026-05-01,9795451680871,5,5.76,4.9,9.1,automl-v1.0.0,2026-05-01T18:01:35+09:00
2026-05-01,9795451680871,6,15.91,10.5,19.5,automl-v1.0.0,2026-05-01T18:01:35+09:00
2026-05-01,9795451680871,7,4.49,2.8,5.2,automl-v1.0.0,2026-05-01T18:01:35+09:00
2026-05-01,9795451680871,8,26.63,18.9,35.1,automl-v1.0.0,2026-05-01T18:01:35+09:00
2026-05-01,9795451680871,9,10.89,9.1,16.9,automl-v1.0.0,2026-05-01T18:01:35+09:00
2026-05-01,9795451680871,10,32.23,21.0,39.0,automl-v1.0.0,2026-05-01T18:01:35+09:00
2026-05-01,9795451680871,11,24.57,19.6,36.4,automl-v1.0.0,2026-05-01T18:01:35+09:00
2026-05-01,9795451680871,12,17.82,15.4,28.6,automl-v1.0.0,2026-05-01T18:01:35+09:00
2026-05-01,9793482477101,1,16.82,14.7,27.3,automl-v1.0.0,2026-05-01T18:01:35+09:00
2026-05-01,9793482477101,2,17.24,11.9,22.1,automl-v1.0.0,2026-05-01T18:01:35+09:00
2026-05-01,9793482477101,3,13.44,9.1,16.9,automl-v1.0.0,2026-05-01T18:01:35+09:00
2026-05-01,9793482477101,4,4.38,3.5,6.5,automl-v1.0.0,2026-05-01T18:01:35+09:00
2026-05-01,9793482477101,5,24.95,16.1,29.9,automl-v1.0.0,2026-05-01T18:01:35+09:00
2026-05-01,9793482477101,6,10.04,7.7,14.3,automl-v1.0.0,2026-05-01T18:01:35+09:00
2026-05-01,9793482477101,7,9.29,5.6,10.4,automl-v1.0.0,2026-05-01T18:01:35+09:00
2026-05-01,9793482477101,8,14.46,9.8,18.2,automl-v1.0.0,2026-05-01T18:01:35+09:00
2026-05-01,9793482477101,9,18.72,14.0,26.0,automl-v1.0.0,2026-05-01T18:01:35+09:00
2026-05-01,9793482477101,10,16.8,12.6,23.4,automl-v1.0.0,2026-05-01T18:01:35+09:00
2026-05-01,9793482477101,11,20.43,17.5,32.5,automl-v1.0.0,2026-05-01T18:01:35+09:00
2026-05-01,9793482477101,12,5.34,4.2,7.8,automl-v1.0.0,2026-05-01T18:01:35+09:00
2026-05-01,9791712748465,1,30.0,17.5,32.5,automl-v1.0.0,2026-05-01T18:01:35+09:00
2026-05-01,9791712748465,2,5.86,3.5,6.5,automl-v1.0.0,2026-05-01T18:01:35+09:00
2026-05-01,9791712748465,3,24.65,15.4,28.6,automl-v1.0.0,2026-05-01T18:01:35+09:00
2026-05-01,9791712748465,4,9.66,7.7,14.3,automl-v1.0.0,2026-05-01T18:01:35+09:00
2026-05-01,9791712748465,5,13.43,10.5,19.5,automl-v1.0.0,2026-05-01T18:01:35+09:00
2026-05-01,9791712748465,6,24.57,16.1,29.9,automl-v1.0.0,2026-05-01T18:01:35+09:00
2026-05-01,9791712748465,7,12.36,7.7,14.3,automl-v1.0.0,2026-05-01T18:01:35+09:00
2026-05-01,9791712748465,8,10.49,7.0,13.0,automl-v1.0.0,2026-05-01T18:01:35+09:00
2026-05-01,9791712748465,9,4.52,3.5,6.5,automl-v1.0.0,2026-05-01T18:01:35+09:00
2026-05-01,9791712748465,10,18.89,16.1,29.9,automl-v1.0.0,2026-05-01T18:01:35+09:00
2026-05-01,9791712748465,11,5.94,3.5,6.5,automl-v1.0.0,2026-05-01T18:01:35+09:00
2026-05-01,9791712748465,12,7.26,5.6,10.4,automl-v1.0.0,2026-05-01T18:01:35+09:00
2026-05-01,9792146584049,1,13.28,11.2,20.8,automl-v1.0.0,2026-05-01T18:01:35+09:00
2026-05-01,9792146584049,2,15.64,9.8,18.2,automl-v1.0.0,2026-05-01T18:01:35+09:00
2026-05-01,9792146584049,3,12.7,7.7,14.3,automl-v1.0.0,2026-05-01T18:01:35+09:00
2026-05-01,9792146584049,4,17.05,13.3,24.7,automl-v1.0.0,2026-05-01T18:01:35+09:00
2026-05-01,9792146584049,5,11.11,8.4,15.6,automl-v1.0.0,2026-05-01T18:01:35+09:00
2026-05-01,9792146584049,6,12.94,8.4,15.6,automl-v1.0.0,2026-05-01T18:01:35+09:00
2026-05-01,9792146584049,7,2.33,1.4,2.6,automl-v1.0.0,2026-05-01T18:01:35+09:00
2026-05-01,9792146584049,8,4.07,3.5,6.5,automl-v1.0.0,2026-05-01T18:01:35+09:00
2026-05-01,9792146584049,9,11.84,9.8,18.2,automl-v1.0.0,2026-05-01T18:01:35+09:00
2026-05-01,9792146584049,10,7.47,6.3,11.7,automl-v1.0.0,2026-05-01T18:01:35+09:00
2026-05-01,9792146584049,11,16.66,9.8,18.2,automl-v1.0.0,2026-05-01T18:01:35+09:00
2026-05-01,9792146584049,12,10.57,6.3,11.7,automl-v1.0.0,2026-05-01T18:01:35+09:00
2026-05-01,9795886753393,1,24.55,18.2,33.8,automl-v1.0.0,2026-05-01T18:01:35+09:00
2026-05-01,9795886753393,2,10.08,6.3,11.7,automl-v1.0.0,2026-05-01T18:01:35+09:00
2026-05-01,9795886753393,3,24.87,18.2,33.8,automl-v1.0.0,2026-05-01T18:01:35+09:00
2026-05-01,9795886753393,4,21.6,17.5,32.5,automl-v1.0.0,2026-05-01T18:01:35+09:00
2026-05-01,9795886753393,5,18.46,12.6,23.4,automl-v1.0.0,2026-05-01T18:01:35+09:00
2026-05-01,9795886753393,6,31.95,21.0,39.0,automl-v1.0.0,2026-05-01T18:01:35+09:00
2026-05-01,9795886753393,7,3.55,2.1,3.9,automl-v1.0.0,2026-05-01T18:01:35+09:00
2026-05-01,9795886753393,8,4.96,3.5,6.5,automl-v1.0.0,2026-05-01T18:01:35+09:00
2026-05-01,9795886753393,9,26.46,16.8,31.2,automl-v1.0.0,2026-05-01T18:01:35+09:00
2026-05-01,9795886753393,10,1.14,0.7,1.3,automl-v1.0.0,2026-05-01T18:01:35+09:00
2026-05-01,9795886753393,11,8.93,7.7,14.3,automl-v1.0.0,2026-05-01T18:01:35+09:00
2026-05-01,9795886753393,12,23.09,16.8,31.2,automl-v1.0.0,2026-05-01T18:01:35+09:00
2026-05-01,9792702895176,1,24.98,20.3,37.7,automl-v1.0.0,2026-05-01T18:01:35+09:00
2026-05-01,9792702895176,2,24.07,19.6,36.4,automl-v1.0.0,2026-05-01T18:01:35+09:00
2026-05-01,9792702895176,3,19.07,12.6,23.4,automl-v1.0.0,2026-05-01T18:01:35+09:00
2026-05-01,9792702895176,4,22.76,14.7,27.3,automl-v1.0.0,2026-05-01T18:01:35+09:00
2026-05-01,9792702895176,5,0.95,0.7,1.3,automl-v1.0.0,2026-05-01T18:01:35+09:00
2026-05-01,9792702895176,6,9.13,7.0,13.0,automl-v1.0.0,2026-05-01T18:01:35+09:00
2026-05-01,9792702895176,7,19.4,12.6,23.4,automl-v1.0.0,2026-05-01T18:01:35+09:00
2026-05-01,9792702895176,8,8.55,5.6,10.4,automl-v1.0.0,2026-05-01T18:01:35+09:00
2026-05-01,9792702895176,9,27.08,21.0,39.0,automl-v1.0.0,2026-05-01T18:01:35+09:00
2026-05-01,9792702895176,10,11.15,8.4,15.6,automl-v1.0.0,2026-05-01T18:01:35+09:00
2026-05-01,9792702895176,11,11.35,7.7,14.3,automl-v1.0.0,2026-05-01T18:01:35+09:00
2026-05-01,9792702895176,12,1.7,1.4,2.6,automl-v1.0.0,2026-05-01T18:01:35+09:00
2026-05-01,9794596158658,1,12.39,9.8,18.2,automl-v1.0.0,2026-05-01T18:01:35+09:00
2026-05-01,9794596158658,2,10.69,7.7,14.3,automl-v1.0.0,2026-05-01T18:01:35+09:00
2026-05-01,9794596158658,3,15.99,11.2,20.8,automl-v1.0.0,2026-05-01T18:01:35+09:00
2026-05-01,9794596158658,4,25.39,17.5,32.5,automl-v1.0.0,2026-05-01T18:01:35+09:00
2026-05-01,9794596158658,5,27.79,18.2,33.8,automl-v1.0.0,2026-05-01T18:01:35+09:00
2026-05-01,9794596158658,6,33.52,21.0,39.0,automl-v1.0.0,2026-05-01T18:01:35+09:00
2026-05-01,9794596158658,7,8.47,5.6,10.4,automl-v1.0.0,2026-05-01T18:01:35+09:00
2026-05-01,9794596158658,8,15.42,11.2,20.8,automl-v1.0.0,2026-05-01T18:01:35+09:00
2026-05-01,9794596158658,9,7.21,4.9,9.1,automl-v1.0.0,2026-05-01T18:01:35+09:00
2026-05-01,9794596158658,10,16.49,14.0,26.0,automl-v1.0.0,2026-05-01T18:01:35+09:00
2026-05-01,9794596158658,11,24.85,15.4,28.6,automl-v1.0.0,2026-05-01T18:01:35+09:00
2026-05-01,9794596158658,12,1.62,1.4,2.6,automl-v1.0.0,2026-05-01T18:01:35+09:00
2026-05-01,9794316117248,1,6.47,4.2,7.8,automl-v1.0.0,2026-05-01T18:01:35+09:00
2026-05-01,9794316117248,2,24.24,18.9,35.1,automl-v1.0.0,2026-05-01T18:01:35+09:00
2026-05-01,9794316117248,3,18.07,13.3,24.7,automl-v1.0.0,2026-05-01T18:01:35+09:00
2026-05-01,9794316117248,4,26.25,15.4,28.6,automl-v1.0.0,2026-05-01T18:01:35+09:00
2026-05-01,9794316117248,5,23.13,18.9,35.1,automl-v1.0.0,2026-05-01T18:01:35+09:00
2026-05-01,9794316117248,6,16.18,9.8,18.2,automl-v1.0.0,2026-05-01T18:01:35+09:00
2026-05-01,9794316117248,7,15.33,13.3,24.7,automl-v1.0.0,2026-05-01T18:01:35+09:00
2026-05-01,9794316117248,8,19.22,15.4,28.6,automl-v1.0.0,2026-05-01T18:01:35+09:00
2026-05-01,9794316117248,9,2.05,1.4,2.6,automl-v1.0.0,2026-05-01T18:01:35+09:00
2026-05-01,9794316117248,10,14.15,8.4,15.6,automl-v1.0.0,2026-05-01T18:01:35+09:00
2026-05-01,9794316117248,11,17.81,15.4,28.6,automl-v1.0.0,2026-05-01T18:01:35+09:00
2026-05-01,9794316117248,12,3.93,2.8,5.2,automl-v1.0.0,2026-05-01T18:01:35+09:00
2026-05-01,9796922219699,1,16.3,14.0,26.0,automl-v1.0.0,2026-05-01T18:01:35+09:00
2026-05-01,9796922219699,2,24.68,14.7,27.3,automl-v1.0.0,2026-05-01T18:01:35+09:00
2026-05-01,9796922219699,3,12.14,10.5,19.5,automl-v1.0.0,2026-05-01T18:01:35+09:00
2026-05-01,9796922219699,4,19.84,16.8,31.2,automl-v1.0.0,2026-05-01T18:01:35+09:00
2026-05-01,9796922219699,5,11.78,7.7,14.3,automl-v1.0.0,2026-05-01T18:01:35+09:00
2026-05-01,9796922219699,6,4.89,4.2,7.8,automl-v1.0.0,2026-05-01T18:01:35+09:00
2026-05-01,9796922219699,7,7.24,4.9,9.1,automl-v1.0.0,2026-05-01T18:01:35+09:00
2026-05-01,9796922219699,8,6.31,4.9,9.1,automl-v1.0.0,2026-05-01T18:01:35+09:00
2026-05-01,9796922219699,9,16.27,14.0,26.0,automl-v1.0.0,2026-05-01T18:01:35+09:00
2026-05-01,9796922219699,10,14.56,9.8,18.2,automl-v1.0.0,2026-05-01T18:01:35+09:00
2026-05-01,9796922219699,11,25.1,20.3,37.7,automl-v1.0.0,2026-05-01T18:01:35+09:00
2026-05-01,9796922219699,12,3.81,2.8,5.2,automl-v1.0.0,2026-05-01T18:01:35+09:00
2026-05-01,9790748217594,1,19.91,16.8,31.2,automl-v1.0.0,2026-05-01T18:01:35+09:00
2026-05-01,9790748217594,2,18.43,14.7,27.3,automl-v1.0.0,2026-05-01T18:01:35+09:00
2026-05-01,9790748217594,3,8.82,5.6,10.4,automl-v1.0.0,2026-05-01T18:01:35+09:00
2026-05-01,9790748217594,4,24.1,18.9,35.1,automl-v1.0.0,2026-05-01T18:01:35+09:00
2026-05-01,9790748217594,5,25.3,16.8,31.2,automl-v1.0.0,2026-05-01T18:01:35+09:00
2026-05-01,9790748217594,6,22.38,18.9,35.1,automl-v1.0.0,2026-05-01T18:01:35+09:00
2026-05-01,9790748217594,7,17.26,14.0,26.0,automl-v1.0.0,2026-05-01T18:01:35+09:00
2026-05-01,9790748217594,8,28.54,21.0,39.0,automl-v1.0.0,2026-05-01T18:01:35+09:00
2026-05-01,9790748217594,9,21.92,14.7,27.3,automl-v1.0.0,2026-05-01T18:01:35+09:00
2026-05-01,9790748217594,10,3.2,2.8,5.2,automl-v1.0.0,2026-05-01T18:01:35+09:00
2026-05-01,9790748217594,11,9.79,7.7,14.3,automl-v1.0.0,2026-05-01T18:01:35+09:00
2026-05-01,9790748217594,12,13.34,11.2,20.8,automl-v1.0.0,2026-05-01T18:01:35+09:00
2026-05-01,9791369594408,1,7.01,4.2,7.8,automl-v1.0.0,2026-05-01T18:01:35+09:00
2026-05-01,9791369594408,2,2.29,1.4,2.6,automl-v1.0.0,2026-05-01T18:01:35+09:00
2026-05-01,9791369594408,3,29.69,20.3,37.7,automl-v1.0.0,2026-05-01T18:01:35+09:00
2026-05-01,9791369594408,4,24.89,20.3,37.7,automl-v1.0.0,2026-05-01T18:01:35+09:00
2026-05-01,9791369594408,5,8.49,5.6,10.4,automl-v1.0.0,2026-05-01T18:01:35+09:00
2026-05-01,9791369594408,6,16.49,10.5,19.5,automl-v1.0.0,2026-05-01T18:01:35+09:00
2026-05-01,9791369594408,7,5.89,4.2,7.8,automl-v1.0.0,2026-05-01T18:01:35+09:00
2026-05-01,9791369594408,8,1.85,1.4,2.6,automl-v1.0.0,2026-05-01T18:01:35+09:00
2026-05-01,9791369594408,9,20.48,14.0,26.0,automl-v1.0.0,2026-05-01T18:01:35+09:00
2026-05-01,9791369594408,10,17.51,11.2,20.8,automl-v1.0.0,2026-05-01T18:01:35+09:00
2026-05-01,9791369594408,11,20.8,12.6,23.4,automl-v1.0.0,2026-05-01T18:01:35+09:00
2026-05-01,9791369594408,12,22.53,18.2,33.8,automl-v1.0.0,2026-05-01T18:01:35+09:00
2026-05-01,9797439533940,1,21.12,12.6,23.4,automl-v1.0.0,2026-05-01T18:01:35+09:00
2026-05-01,9797439533940,2,1.92,1.4,2.6,automl-v1.0.0,2026-05-01T18:01:35+09:00
2026-05-01,9797439533940,3,4.32,3.5,6.5,automl-v1.0.0,2026-05-01T18:01:35+09:00
2026-05-01,9797439533940,4,22.16,15.4,28.6,automl-v1.0.0,2026-05-01T18:01:35+09:00
2026-05-01,9797439533940,5,25.28,16.1,29.9,automl-v1.0.0,2026-05-01T18:01:35+09:00
2026-05-01,9797439533940,6,1.18,0.7,1.3,automl-v1.0.0,2026-05-01T18:01:35+09:00
2026-05-01,9797439533940,7,5.81,4.2,7.8,automl-v1.0.0,2026-05-01T18:01:35+09:00
2026-05-01,9797439533940,8,19.41,13.3,24.7,automl-v1.0.0,2026-05-01T18:01:35+09:00
2026-05-01,9797439533940,9,26.58,20.3,37.7,automl-v1.0.0,2026-05-01T18:01:35+09:00
2026-05-01,9797439533940,10,15.14,9.8,18.2,automl-v1.0.0,2026-05-01T18:01:35+09:00
2026-05-01,9797439533940,11,12.02,8.4,15.6,automl-v1.0.0,2026-05-01T18:01:35+09:00
2026-05-01,9797439533940,12,9.4,7.7,14.3,automl-v1.0.0,2026-05-01T18:01:35+09:00
2026-05-01,9795214562321,1,26.34,20.3,37.7,automl-v1.0.0,2026-05-01T18:01:35+09:00
2026-05-01,9795214562321,2,11.27,9.8,18.2,automl-v1.0.0,2026-05-01T18:01:35+09:00
2026-05-01,9795214562321,3,18.37,13.3,24.7,automl-v1.0.0,2026-05-01T18:01:35+09:00
2026-05-01,9795214562321,4,25.96,16.1,29.9,automl-v1.0.0,2026-05-01T18:01:35+09:00
2026-05-01,9795214562321,5,20.38,14.7,27.3,automl-v1.0.0,2026-05-01T18:01:35+09:00
2026-05-01,9795214562321,6,31.87,18.9,35.1,automl-v1.0.0,2026-05-01T18:01:35+09:00
2026-05-01,9795214562321,7,12.93,10.5,19.5,automl-v1.0.0,2026-05-01T18:01:35+09:00
2026-05-01,9795214562321,8,18.96,14.7,27.3,automl-v1.0.0,2026-05-01T18:01:35+09:00
2026-05-01,9795214562321,9,32.39,18.9,35.1,automl-v1.0.0,2026-05-01T18:01:35+09:00
2026-05-01,9795214562321,10,5.67,4.2,7.8,automl-v1.0.0,2026-05-01T18:01:35+09:00
2026-05-01,9795214562321,11,6.87,4.9,9.1,automl-v1.0.0,2026-05-01T18:01:35+09:00
2026-05-01,9795214562321,12,16.17,10.5,19.5,automl-v1.0.0,2026-05-01T18:01:35+09:00
2026-05-01,9794517123680,1,15.97,11.2,20.8,automl-v1.0.0,2026-05-01T18:01:35+09:00
2026-05-01,9794517123680,2,29.42,20.3,37.7,automl-v1.0.0,2026-05-01T18:01:35+09:00
2026-05-01,9794517123680,3,0.98,0.7,1.3,automl-v1.0.0,2026-05-01T18:01:35+09:00
2026-05-01,9794517123680,4,28.05,18.2,33.8,automl-v1.0.0,2026-05-01T18:01:35+09:00
2026-05-01,9794517123680,5,18.18,14.0,26.0,automl-v1.0.0,2026-05-01T18:01:35+09:00
2026-05-01,9794517123680,6,10.91,7.7,14.3,automl-v1.0.0,2026-05-01T18:01:35+09:00
2026-05-01,9794517123680,7,16.65,10.5,19.5,automl-v1.0.0,2026-05-01T18:01:35+09:00
2026-05-01,9794517123680,8,2.4,1.4,2.6,automl-v1.0.0,2026-05-01T18:01:35+09:00
2026-05-01,9794517123680,9,2.57,2.1,3.9,automl-v1.0.0,2026-05-01T18:01:35+09:00
2026-05-01,9794517123680,10,20.11,14.0,26.0,automl-v1.0.0,2026-05-01T18:01:35+09:00
2026-05-01,9794517123680,11,19.63,14.0,26.0,automl-v1.0.0,2026-05-01T18:01:35+09:00
2026-05-01,9794517123680,12,25.84,21.0,39.0,automl-v1.0.0,2026-05-01T18:01:35+09:00
2026-05-01,9794965137093,1,8.62,7.0,13.0,automl-v1.0.0,2026-05-01T18:01:35+09:00
2026-05-01,9794965137093,2,14.02,11.9,22.1,automl-v1.0.0,2026-05-01T18:01:35+09:00
2026-05-01,9794965137093,3,17.09,14.0,26.0,automl-v1.0.0,2026-05-01T18:01:35+09:00
2026-05-01,9794965137093,4,31.08,18.2,33.8,automl-v1.0.0,2026-05-01T18:01:35+09:00
2026-05-01,9794965137093,5,27.85,20.3,37.7,automl-v1.0.0,2026-05-01T18:01:35+09:00
2026-05-01,9794965137093,6,19.88,16.8,31.2,automl-v1.0.0,2026-05-01T18:01:35+09:00
2026-05-01,9794965137093,7,23.15,14.7,27.3,automl-v1.0.0,2026-05-01T18:01:35+09:00
2026-05-01,9794965137093,8,7.63,6.3,11.7,automl-v1.0.0,2026-05-01T18:01:35+09:00
2026-05-01,9794965137093,9,0.8,0.7,1.3,automl-v1.0.0,2026-05-01T18:01:35+09:00
2026-05-01,9794965137093,10,8.02,4.9,9.1,automl-v1.0.0,2026-05-01T18:01:35+09:00
2026-05-01,9794965137093,11,3.17,2.1,3.9,automl-v1.0.0,2026-05-01T18:01:35+09:00
2026-05-01,9794965137093,12,11.39,9.8,18.2,automl-v1.0.0,2026-05-01T18:01:35+09:00
2026-05-01,9796120047117,1,14.19,9.1,16.9,automl-v1.0.0,2026-05-01T18:01:35+09:00
2026-05-01,9796120047117,2,13.22,9.1,16.9,automl-v1.0.0,2026-05-01T18:01:35+09:00
2026-05-01,9796120047117,3,1.12,0.7,1.3,automl-v1.0.0,2026-05-01T18:01:35+09:00
2026-05-01,9796120047117,4,3.23,2.1,3.9,automl-v1.0.0,2026-05-01T18:01:35+09:00
2026-05-01,9796120047117,5,20.17,14.7,27.3,automl-v1.0.0,2026-05-01T18:01:35+09:00
2026-05-01,9796120047117,6,12.0,7.0,13.0,automl-v1.0.0,2026-05-01T18:01:35+09:00
2026-05-01,9796120047117,7,28.86,19.6,36.4,automl-v1.0.0,2026-05-01T18:01:35+09:00
2026-05-01,9796120047117,8,12.65,8.4,15.6,automl-v1.0.0,2026-05-01T18:01:35+09:00
2026-05-01,9796120047117,9,4.93,3.5,6.5,automl-v1.0.0,2026-05-01T18:01:35+09:00
2026-05-01,9796120047117,10,14.9,11.9,22.1,automl-v1.0.0,2026-05-01T18:01:35+09:00
2026-05-01,9796120047117,11,4.61,2.8,5.2,automl-v1.0.0,2026-05-01T18:01:35+09:00
2026-05-01,9796120047117,12,27.62,17.5,32.5,automl-v1.0.0,2026-05-01T18:01:35+09:00
2026-05-01,9796926179647,1,7.68,6.3,11.7,automl-v1.0.0,2026-05-01T18:01:35+09:00
2026-05-01,9796926179647,2,20.78,15.4,28.6,automl-v1.0.0,2026-05-01T18:01:35+09:00
2026-05-01,9796926179647,3,12.83,8.4,15.6,automl-v1.0.0,2026-05-01T18:01:35+09:00
2026-05-01,9796926179647,4,7.5,6.3,11.7,automl-v1.0.0,2026-05-01T18:01:35+09:00
2026-05-01,9796926179647,5,14.52,9.1,16.9,automl-v1.0.0,2026-05-01T18:01:35+09:00
2026-05-01,9796926179647,6,3.09,2.1,3.9,automl-v1.0.0,2026-05-01T18:01:35+09:00
2026-05-01,9796926179647,7,3.57,2.1,3.9,automl-v1.0.0,2026-05-01T18:01:35+09:00
2026-05-01,9796926179647,8,19.3,12.6,23.4,automl-v1.0.0,2026-05-01T18:01:35+09:00
2026-05-01,9796926179647,9,14.54,12.6,23.4,automl-v1.0.0,2026-05-01T18:01:35+09:00
2026-05-01,9796926179647,10,12.02,10.5,19.5,automl-v1.0.0,2026-05-01T18:01:35+09:00
2026-05-01,9796926179647,11,19.49,16.1,29.9,automl-v1.0.0,2026-05-01T18:01:35+09:00
2026-05-01,9796926179647,12,1.08,0.7,1.3,automl-v1.0.0,2026-05-01T18:01:35+09:00
2026-05-01,9795850643170,1,27.24,17.5,32.5,automl-v1.0.0,2026-05-01T18:01:35+09:00
2026-05-01,9795850643170,2,12.93,9.1,16.9,automl-v1.0.0,2026-05-01T18:01:35+09:00
2026-05-01,9795850643170,3,24.39,20.3,37.7,automl-v1.0.0,2026-05-01T18:01:35+09:00
2026-05-01,9795850643170,4,4.89,4.2,7.8,automl-v1.0.0,2026-05-01T18:01:35+09:00
2026-05-01,9795850643170,5,15.89,10.5,19.5,automl-v1.0.0,2026-05-01T18:01:35+09:00
2026-05-01,9795850643170,6,28.31,16.8,31.2,automl-v1.0.0,2026-05-01T18:01:35+09:00
2026-05-01,9795850643170,7,18.09,11.2,20.8,automl-v1.0.0,2026-05-01T18:01:35+09:00
2026-05-01,9795850643170,8,1.83,1.4,2.6,automl-v1.0.0,2026-05-01T18:01:35+09:00
2026-05-01,9795850643170,9,7.76,5.6,10.4,automl-v1.0.0,2026-05-01T18:01:35+09:00
2026-05-01,9795850643170,10,18.57,12.6,23.4,automl-v1.0.0,2026-05-01T18:01:35+09:00
2026-05-01,9795850643170,11,23.45,16.8,31.2,automl-v1.0.0,2026-05-01T18:01:35+09:00
2026-05-01,9795850643170,12,12.76,9.1,16.9,automl-v1.0.0,2026-05-01T18:01:35+09:00
2026-05-01,9792931839330,1,5.3,3.5,6.5,automl-v1.0.0,2026-05-01T18:01:35+09:00
2026-05-01,9792931839330,2,9.65,7.0,13.0,automl-v1.0.0,2026-05-01T18:01:35+09:00
2026-05-01,9792931839330,3,18.07,15.4,28.6,automl-v1.0.0,2026-05-01T18:01:35+09:00
2026-05-01,9792931839330,4,2.51,2.1,3.9,automl-v1.0.0,2026-05-01T18:01:35+09:00
2026-05-01,9792931839330,5,33.94,21.0,39.0,automl-v1.0.0,2026-05-01T18:01:35+09:00
2026-05-01,9792931839330,6,24.01,21.0,39.0,automl-v1.0.0,2026-05-01T18:01:35+09:00
2026-05-01,9792931839330,7,21.73,15.4,28.6,automl-v1.0.0,2026-05-01T18:01:35+09:00
2026-05-01,9792931839330,8,22.75,18.9,35.1,automl-v1.0.0,2026-05-01T18:01:35+09:00
2026-05-01,9792931839330,9,19.71,12.6,23.4,automl-v1.0.0,2026-05-01T18:01:35+09:00
2026-05-01,9792931839330,10,1.09,0.7,1.3,automl-v1.0.0,2026-05-01T18:01:35+09:00
2026-05-01,9792931839330,11,0.95,0.7,1.3,automl-v1.0.0,2026-05-01T18:01:35+09:00
2026-05-01,9792931839330,12,4.7,3.5,6.5,automl-v1.0.0,2026-05-01T18:01:35+09:00
2026-05-01,9791020539502,1,10.26,7.0,13.0,automl-v1.0.0,2026-05-01T18:01:35+09:00
2026-05-01,9791020539502,2,6.45,4.2,7.8,automl-v1.0.0,2026-05-01T18:01:35+09:00
2026-05-01,9791020539502,3,31.52,21.0,39.0,automl-v1.0.0,2026-05-01T18:01:35+09:00
2026-05-01,9791020539502,4,24.68,16.1,29.9,automl-v1.0.0,2026-05-01T18:01:35+09:00
2026-05-01,9791020539502,5,4.88,4.2,7.8,automl-v1.0.0,2026-05-01T18:01:35+09:00
2026-05-01,9791020539502,6,1.2,0.7,1.3,automl-v1.0.0,2026-05-01T18:01:35+09:00
2026-05-01,9791020539502,7,6.29,4.2,7.8,automl-v1.0.0,2026-05-01T18:01:35+09:00
2026-05-01,9791020539502,8,28.66,20.3,37.7,automl-v1.0.0,2026-05-01T18:01:35+09:00
2026-05-01,9791020539502,9,30.44,20.3,37.7,automl-v1.0.0,2026-05-01T18:01:35+09:00
2026-05-01,9791020539502,10,19.79,14.0,26.0,automl-v1.0.0,2026-05-01T18:01:35+09:00
2026-05-01,9791020539502,11,20.67,14.7,27.3,automl-v1.0.0,2026-05-01T18:01:35+09:00
2026-05-01,9791020539502,12,24.42,16.1,29.9,automl-v1.0.0,2026-05-01T18:01:35+09:00
2026-05-01,9795891783903,1,32.9,19.6,36.4,automl-v1.0.0,2026-05-01T18:01:35+09:00
2026-05-01,9795891783903,2,18.73,14.7,27.3,automl-v1.0.0,2026-05-01T18:01:35+09:00
2026-05-01,9795891783903,3,19.38,14.0,26.0,automl-v1.0.0,2026-05-01T18:01:35+09:00
2026-05-01,9795891783903,4,22.94,14.0,26.0,automl-v1.0.0,2026-05-01T18:01:35+09:00
2026-05-01,9795891783903,5,16.49,10.5,19.5,automl-v1.0.0,2026-05-01T18:01:35+09:00
2026-05-01,9795891783903,6,10.19,6.3,11.7,automl-v1.0.0,2026-05-01T18:01:35+09:00
2026-05-01,9795891783903,7,5.63,4.2,7.8,automl-v1.0.0,2026-05-01T18:01:35+09:00
2026-05-01,9795891783903,8,13.85,9.1,16.9,automl-v1.0.0,2026-05-01T18:01:35+09:00
2026-05-01,9795891783903,9,23.02,15.4,28.6,automl-v1.0.0,2026-05-01T18:01:35+09:00
2026-05-01,9795891783903,10,21.68,16.8,31.2,automl-v1.0.0,2026-05-01T18:01:35+09:00
2026-05-01,9795891783903,11,18.19,14.7,27.3,automl-v1.0.0,2026-05-01T18:01:35+09:00
2026-05-01,9795891783903,12,8.33,7.0,13.0,automl-v1.0.0,2026-05-01T18:01:35+09:00
2026-05-01,9796177115920,1,8.45,7.0,13.0,automl-v1.0.0,2026-05-01T18:01:35+09:00
2026-05-01,9796177115920,2,27.19,17.5,32.5,automl-v1.0.0,2026-05-01T18:01:35+09:00
2026-05-01,9796177115920,3,13.75,10.5,19.5,automl-v1.0.0,2026-05-01T18:01:35+09:00
2026-05-01,9796177115920,4,28.98,18.2,33.8,automl-v1.0.0,2026-05-01T18:01:35+09:00
2026-05-01,9796177115920,5,26.5,19.6,36.4,automl-v1.0.0,2026-05-01T18:01:35+09:00
2026-05-01,9796177115920,6,33.62,20.3,37.7,automl-v1.0.0,2026-05-01T18:01:35+09:00
2026-05-01,9796177115920,7,6.27,4.9,9.1,automl-v1.0.0,2026-05-01T18:01:35+09:00
2026-05-01,9796177115920,8,33.37,21.0,39.0,automl-v1.0.0,2026-05-01T18:01:35+09:00
2026-05-01,9796177115920,9,22.14,14.0,26.0,automl-v1.0.0,2026-05-01T18:01:35+09:00
2026-05-01,9796177115920,10,27.37,19.6,36.4,automl-v1.0.0,2026-05-01T18:01:35+09:00
2026-05-01,9796177115920,11,15.66,9.8,18.2,automl-v1.0.0,2026-05-01T18:01:35+09:00
2026-05-01,9796177115920,12,14.26,9.1,16.9,automl-v1.0.0,2026-05-01T18:01:35+09:00
2026-05-01,9798478961183,1,27.83,17.5,32.5,automl-v1.0.0,2026-05-01T18:01:35+09:00
2026-05-01,9798478961183,2,19.58,14.0,26.0,automl-v1.0.0,2026-05-01T18:01:35+09:00
2026-05-01,9798478961183,3,15.23,12.6,23.4,automl-v1.0.0,2026-05-01T18:01:35+09:00
2026-05-01,9798478961183,4,25.52,15.4,28.6,automl-v1.0.0,2026-05-01T18:01:35+09:00
2026-05-01,9798478961183,5,29.17,17.5,32.5,automl-v1.0.0,2026-05-01T18:01:35+09:00
2026-05-01,9798478961183,6,27.33,18.9,35.1,automl-v1.0.0,2026-05-01T18:01:35+09:00
2026-05-01,9798478961183,7,10.98,7.7,14.3,automl-v1.0.0,2026-05-01T18:01:35+09:00
2026-05-01,9798478961183,8,3.37,2.1,3.9,automl-v1.0.0,2026-05-01T18:01:35+09:00
2026-05-01,9798478961183,9,13.81,10.5,19.5,automl-v1.0.0,2026-05-01T18:01:35+09:00
2026-05-01,9798478961183,10,18.01,15.4,28.6,automl-v1.0.0,2026-05-01T18:01:35+09:00
2026-05-01,9798478961183,11,12.1,8.4,15.6,automl-v1.0.0,2026-05-01T18:01:35+09:00
2026-05-01,9798478961183,12,21.79,14.0,26.0,automl-v1.0.0,2026-05-01T18:01:35+09:00
2026-05-01,9791565452717,1,17.06,11.9,22.1,automl-v1.0.0,2026-05-01T18:01:35+09:00
2026-05-01,9791565452717,2,8.18,6.3,11.7,automl-v1.0.0,2026-05-01T18:01:35+09:00
2026-05-01,9791565452717,3,16.28,14.0,26.0,automl-v1.0.0,2026-05-01T18:01:35+09:00
2026-05-01,9791565452717,4,1.77,1.4,2.6,automl-v1.0.0,2026-05-01T18:01:35+09:00
2026-05-01,9791565452717,5,30.21,18.9,35.1,automl-v1.0.0,2026-05-01T18:01:35+09:00
2026-05-01,9791565452717,6,16.33,11.9,22.1,automl-v1.0.0,2026-05-01T18:01:35+09:00
2026-05-01,9791565452717,7,10.94,7.0,13.0,automl-v1.0.0,2026-05-01T18:01:35+09:00
2026-05-01,9791565452717,8,20.73,15.4,28.6,automl-v1.0.0,2026-05-01T18:01:35+09:00
2026-05-01,9791565452717,9,8.16,6.3,11.7,automl-v1.0.0,2026-05-01T18:01:35+09:00
2026-05-01,9791565452717,10,1.03,0.7,1.3,automl-v1.0.0,2026-05-01T18:01:35+09:00
2026-05-01,9791565452717,11,19.44,13.3,24.7,automl-v1.0.0,2026-05-01T18:01:35+09:00
2026-05-01,9791565452717,12,6.11,4.9,9.1,automl-v1.0.0,2026-05-01T18:01:35+09:00
2026-05-01,9798851656040,1,13.27,8.4,15.6,automl-v1.0.0,2026-05-01T18:01:35+09:00
2026-05-01,9798851656040,2,9.44,7.7,14.3,automl-v1.0.0,2026-05-01T18:01:35+09:00
2026-05-01,9798851656040,3,16.42,10.5,19.5,automl-v1.0.0,2026-05-01T18:01:35+09:00
2026-05-01,9798851656040,4,3.36,2.8,5.2,automl-v1.0.0,2026-05-01T18:01:35+09:00
2026-05-01,9798851656040,5,3.34,2.8,5.2,automl-v1.0.0,2026-05-01T18:01:35+09:00
2026-05-01,9798851656040,6,2.33,1.4,2.6,automl-v1.0.0,2026-05-01T18:01:35+09:00
2026-05-01,9798851656040,7,16.13,11.9,22.1,automl-v1.0.0,2026-05-01T18:01:35+09:00
2026-05-01,9798851656040,8,26.33,16.1,29.9,automl-v1.0.0,2026-05-01T18:01:35+09:00
2026-05-01,9798851656040,9,16.2,12.6,23.4,automl-v1.0.0,2026-05-01T18:01:35+09:00
2026-05-01,9798851656040,10,21.33,15.4,28.6,automl-v1.0.0,2026-05-01T18:01:35+09:00
2026-05-01,9798851656040,11,17.75,11.9,22.1,automl-v1.0.0,2026-05-01T18:01:35+09:00
2026-05-01,9798851656040,12,26.36,15.4,28.6,automl-v1.0.0,2026-05-01T18:01:35+09:00
2026-05-01,9791585149369,1,11.42,7.7,14.3,automl-v1.0.0,2026-05-01T18:01:35+09:00
2026-05-01,9791585149369,2,23.39,18.9,35.1,automl-v1.0.0,2026-05-01T18:01:35+09:00
2026-05-01,9791585149369,3,7.54,5.6,10.4,automl-v1.0.0,2026-05-01T18:01:35+09:00
2026-05-01,9791585149369,4,18.33,13.3,24.7,automl-v1.0.0,2026-05-01T18:01:35+09:00
2026-05-01,9791585149369,5,18.13,11.9,22.1,automl-v1.0.0,2026-05-01T18:01:35+09:00
2026-05-01,9791585149369,6,2.25,1.4,2.6,automl-v1.0.0,2026-05-01T18:01:35+09:00
2026-05-01,9791585149369,7,16.34,10.5,19.5,automl-v1.0.0,2026-05-01T18:01:35+09:00
2026-05-01,9791585149369,8,7.42,4.9,9.1,automl-v1.0.0,2026-05-01T18:01:35+09:00
2026-05-01,9791585149369,9,27.02,16.1,29.9,automl-v1.0.0,2026-05-01T18:01:35+09:00
2026-05-01,9791585149369,10,14.46,12.6,23.4,automl-v1.0.0,2026-05-01T18:01:35+09:00
2026-05-01,9791585149369,11,20.4,17.5,32.5,automl-v1.0.0,2026-05-01T18:01:35+09:00
2026-05-01,9791585149369,12,4.3,3.5,6.5,automl-v1.0.0,2026-05-01T18:01:35+09:00
2026-05-01,9794024455021,1,27.09,19.6,36.4,automl-v1.0.0,2026-05-01T18:01:35+09:00
2026-05-01,9794024455021,2,4.69,3.5,6.5,automl-v1.0.0,2026-05-01T18:01:35+09:00
2026-05-01,9794024455021,3,17.04,11.2,20.8,automl-v1.0.0,2026-05-01T18:01:35+09:00
2026-05-01,9794024455021,4,4.02,3.5,6.5,automl-v1.0.0,2026-05-01T18:01:35+09:00
2026-05-01,9794024455021,5,26.12,19.6,36.4,automl-v1.0.0,2026-05-01T18:01:35+09:00
2026-05-01,9794024455021,6,20.35,12.6,23.4,automl-v1.0.0,2026-05-01T18:01:35+09:00
2026-05-01,9794024455021,7,27.8,18.9,35.1,automl-v1.0.0,2026-05-01T18:01:35+09:00
2026-05-01,9794024455021,8,32.3,19.6,36.4,automl-v1.0.0,2026-05-01T18:01:35+09:00
2026-05-01,9794024455021,9,18.7,11.2,20.8,automl-v1.0.0,2026-05-01T18:01:35+09:00
2026-05-01,9794024455021,10,20.62,12.6,23.4,automl-v1.0.0,2026-05-01T18:01:35+09:00
2026-05-01,9794024455021,11,24.01,16.1,29.9,automl-v1.0.0,2026-05-01T18:01:35+09:00
2026-05-01,9794024455021,12,3.42,2.1,3.9,automl-v1.0.0,2026-05-01T18:01:35+09:00
2026-05-01,9798366752541,1,23.73,18.2,33.8,automl-v1.0.0,2026-05-01T18:01:35+09:00
2026-05-01,9798366752541,2,19.85,15.4,28.6,automl-v1.0.0,2026-05-01T18:01:35+09:00
2026-05-01,9798366752541,3,24.38,16.8,31.2,automl-v1.0.0,2026-05-01T18:01:35+09:00
2026-05-01,9798366752541,4,13.83,10.5,19.5,automl-v1.0.0,2026-05-01T18:01:35+09:00
2026-05-01,9798366752541,5,0.92,0.7,1.3,automl-v1.0.0,2026-05-01T18:01:35+09:00
2026-05-01,9798366752541,6,17.08,13.3,24.7,automl-v1.0.0,2026-05-01T18:01:35+09:00
2026-05-01,9798366752541,7,17.75,10.5,19.5,automl-v1.0.0,2026-05-01T18:01:35+09:00
2026-05-01,9798366752541,8,17.41,11.2,20.8,automl-v1.0.0,2026-05-01T18:01:35+09:00
2026-05-01,9798366752541,9,27.02,21.0,39.0,automl-v1.0.0,2026-05-01T18:01:35+09:00
2026-05-01,9798366752541,10,19.11,11.2,20.8,automl-v1.0.0,2026-05-01T18:01:35+09:00
2026-05-01,9798366752541,11,25.29,20.3,37.7,automl-v1.0.0,2026-05-01T18:01:35+09:00
2026-05-01,9798366752541,12,8.75,6.3,11.7,automl-v1.0.0,2026-05-01T18:01:35+09:00
2026-05-01,9791476797648,1,13.1,10.5,19.5,automl-v1.0.0,2026-05-01T18:01:35+09:00
2026-05-01,9791476797648,2,11.16,7.7,14.3,automl-v1.0.0,2026-05-01T18:01:35+09:00
2026-05-01,9791476797648,3,23.62,18.2,33.8,automl-v1.0.0,2026-05-01T18:01:35+09:00
2026-05-01,9791476797648,4,22.3,18.2,33.8,automl-v1.0.0,2026-05-01T18:01:35+09:00
2026-05-01,9791476797648,5,31.29,18.9,35.1,automl-v1.0.0,2026-05-01T18:01:35+09:00
2026-05-01,9791476797648,6,13.7,9.8,18.2,automl-v1.0.0,2026-05-01T18:01:35+09:00
2026-05-01,9791476797648,7,26.22,18.9,35.1,automl-v1.0.0,2026-05-01T18:01:35+09:00
2026-05-01,9791476797648,8,30.04,21.0,39.0,automl-v1.0.0,2026-05-01T18:01:35+09:00
2026-05-01,9791476797648,9,22.0,14.7,27.3,automl-v1.0.0,2026-05-01T18:01:35+09:00
2026-05-01,9791476797648,10,22.75,13.3,24.7,automl-v1.0.0,2026-05-01T18:01:35+09:00
2026-05-01,9791476797648,11,16.73,11.9,22.1,automl-v1.0.0,2026-05-01T18:01:35+09:00
2026-05-01,9791476797648,12,14.92,11.2,20.8,automl-v1.0.0,2026-05-01T18:01:35+09:00
2026-05-01,9794036900342,1,8.39,6.3,11.7,automl-v1.0.0,2026-05-01T18:01:35+09:00
2026-05-01,9794036900342,2,10.38,6.3,11.7,automl-v1.0.0,2026-05-01T18:01:35+09:00
2026-05-01,9794036900342,3,22.95,17.5,32.5,automl-v1.0.0,2026-05-01T18:01:35+09:00
2026-05-01,9794036900342,4,2.68,2.1,3.9,automl-v1.0.0,2026-05-01T18:01:35+09:00
2026-05-01,9794036900342,5,0.85,0.7,1.3,automl-v1.0.0,2026-05-01T18:01:35+09:00
2026-05-01,9794036900342,6,23.41,14.0,26.0,automl-v1.0.0,2026-05-01T18:01:35+09:00
2026-05-01,9794036900342,7,5.44,3.5,6.5,automl-v1.0.0,2026-05-01T18:01:35+09:00
2026-05-01,9794036900342,8,22.73,13.3,24.7,automl-v1.0.0,2026-05-01T18:01:35+09:00
2026-05-01,9794036900342,9,6.76,4.9,9.1,automl-v1.0.0,2026-05-01T18:01:35+09:00
2026-05-01,9794036900342,10,33.84,20.3,37.7,automl-v1.0.0,2026-05-01T18:01:35+09:00
2026-05-01,9794036900342,11,21.42,16.1,29.9,automl-v1.0.0,2026-05-01T18:01:35+09:00
2026-05-01,9794036900342,12,19.48,14.0,26.0,automl-v1.0.0,2026-05-01T18:01:35+09:00
2026-05-01,9796838851600,1,22.57,16.1,29.9,automl-v1.0.0,2026-05-01T18:01:35+09:00
2026-05-01,9796838851600,2,26.32,15.4,28.6,automl-v1.0.0,2026-05-01T18:01:35+09:00
2026-05-01,9796838851600,3,23.75,16.1,29.9,automl-v1.0.0,2026-05-01T18:01:35+09:00
2026-05-01,9796838851600,4,8.56,6.3,11.7,automl-v1.0.0,2026-05-01T18:01:35+09:00
2026-05-01,9796838851600,5,8.05,5.6,10.4,automl-v1.0.0,2026-05-01T18:01:35+09:00
2026-05-01,9796838851600,6,0.84,0.7,1.3,automl-v1.0.0,2026-05-01T18:01:35+09:00
2026-05-01,9796838851600,7,24.61,18.9,35.1,automl-v1.0.0,2026-05-01T18:01:35+09:00
2026-05-01,9796838851600,8,15.55,11.9,22.1,automl-v1.0.0,2026-05-01T18:01:35+09:00
2026-05-01,9796838851600,9,9.91,7.0,13.0,automl-v1.0.0,2026-05-01T18:01:35+09:00
2026-05-01,9796838851600,10,7.75,5.6,10.4,automl-v1.0.0,2026-05-01T18:01:35+09:00
2026-05-01,9796838851600,11,27.76,18.2,33.8,automl-v1.0.0,2026-05-01T18:01:35+09:00
2026-05-01,9796838851600,12,11.87,9.8,18.2,automl-v1.0.0,2026-05-01T18:01:35+09:00
2026-05-01,9794160529754,1,24.01,20.3,37.7,automl-v1.0.0,2026-05-01T18:01:35+09:00
2026-05-01,9794160529754,2,11.57,8.4,15.6,automl-v1.0.0,2026-05-01T18:01:35+09:00
2026-05-01,9794160529754,3,24.98,18.2,33.8,automl-v1.0.0,2026-05-01T18:01:35+09:00
2026-05-01,9794160529754,4,19.62,16.1,29.9,automl-v1.0.0,2026-05-01T18:01:35+09:00
